
INSERT INTO unit (id, long_name, short_name) VALUES (2, 'Esslöffel', 'EL');
INSERT INTO unit (id, long_name, short_name) VALUES (3, 'Teelöffel', 'TL');
INSERT INTO unit (id, long_name, short_name) VALUES (4, 'Gramm', 'g');
INSERT INTO unit (id, long_name, short_name) VALUES (5, 'Kilo', 'kg');
INSERT INTO unit (id, long_name, short_name) VALUES (6, 'Milliliter', 'ml');
INSERT INTO unit (id, long_name, short_name) VALUES (7, 'Liter', 'L');
INSERT INTO unit (id, long_name, short_name) VALUES (8, 'Prise', 'Prise');
INSERT INTO unit (id, long_name, short_name) VALUES (9, 'Bund ', 'Bund');
INSERT INTO unit (id, long_name, short_name) VALUES (1, 'Stück', '');
INSERT INTO unit (id, long_name, short_name) VALUES (10, 'Zentimeter', 'cm');


INSERT INTO recipe (id, name, description, image, steps, cook_time, prep_time, portions, diet) VALUES (6, 'Spargelpfanne', 'vegan, mit Chickenlike', 'i0gl7quurr0fnkja1nvi', '[{"id": "1", "content": "Chickenlike in Streifen schneiden und gleichmäßig mit der Speisestärke bestäuben. Butter in einer großen Pfanne erhitzen. Chickenlike darin von allen Seiten scharf anbraten, herausheben und beiseite stellen. "}, {"id": "2", "content": "Zwiebeln schälen und würfeln. Weißen Spargel ganz, grünen nur im unteren Drittel schälen, Enden kürzen. Spargelstangen in 2cm lange Stücke schneiden. Zwiebeln und Spargel im Restfett der Pfanne anbraten. \nGemüsebrühe und Crème Fraîche dazugeben. 3-5 Minuten köcheln lassen, dann das Chickenlike wieder dazu geben. Nochmals aufkochen, mit Salz und Pfeffer würzen. Die frisch gehackte Petersilie unterheben. Dazu passt Reis. "}]', NULL, NULL, 2, 'vegetarian');
INSERT INTO recipe (id, name, description, image, steps, cook_time, prep_time, portions, diet) VALUES (5, 'Pecan Sour Cream Coffee Cake', 'Now with More Crumbs', 'g8trt2eigerd0jszyngv', '[]', NULL, NULL, 2, 'vegetarian');
INSERT INTO recipe (id, name, description, image, steps, cook_time, prep_time, portions, diet) VALUES (7, 'Spinatknödel', '', 'fkdeeytswzliskqy2hmj', '[{"id": "1", "content": "Spinat ggf. auftauen und Wasser abgießen. "}, {"id": "2", "content": "Milch und Eier verquirlen, salzen, über das Knödelbrot gießen. Gut vermischen und 10 Minuten ziehen lassen. "}, {"id": "3", "content": "Zwiebel fein schneiden und in Butter hell anrösten, Spinat dazu und kurz dünsten. Mit Salz, Pfeffer, Muskat würzen. Am besten etwas abkühlen lassen. "}, {"id": "4", "content": "Knödelbrot, Spinat und Käse gut vermischen und mit nassen Händen Knödel formen. "}, {"id": "5", "content": "Knödel ca. 12 Minuten in Siebeinsatz über Wasserdampf ziehen lassen. "}, {"id": "6", "content": "Dazu passt: Salat mit Paprika, Gurke, Tomate, Salatkörner und Kernöl."}]', NULL, NULL, 2, 'vegetarian');
INSERT INTO recipe (id, name, description, image, steps, cook_time, prep_time, portions, diet) VALUES (8, 'Thai Suppe', 'mit Pak Choy, Paprika und Champignons', 'fxv1cb8gbtxsagfmufx4', '[{"id": "1", "content": "Eier wachsig weich kochen, ca 6,5 Minuten. "}, {"id": "2", "content": "Frühlingszwiebeln, Ingwer und Chili kleinschneiden und in Öl anbraten. Currypaste dazu, mit Gemüsebrühe ablöschen."}, {"id": "3", "content": "Das Zitronengras kreuzweise einschneiden und mit in die Suppe, 5 Minuten köcheln lassen. "}, {"id": "4", "content": "Kokosmilch und Gemüse hinzufügen."}, {"id": "5", "content": "Nudeln zubereiten, in Schälchen verteilen und mit der Suppe übergießen. Mit Ei und Koriander servieren.  "}]', NULL, '00:30:00', 2, 'vegetarian');
INSERT INTO recipe (id, name, description, image, steps, cook_time, prep_time, portions, diet) VALUES (9, 'Zuccinipfanne', '', 'wxjqmo5x6bmgf6ch7vug', '[{"id": "1", "content": "Olivenöl in einer großen Pfanne erhitzen und die Zwiebel darin anschwitzen, Tomatenmark dazu. Die Zucchini waschen, vierteln und in Scheiben schneiden, zusammen mit dem Knoblauch zu den Zwiebeln geben und mitbraten."}, {"id": "2", "content": "Die ungekochten Kritharaki hinzufügen und mit Gemüsebrühe ablöschen. "}, {"id": "3", "content": "Kurz aufkochen, mit Salz, Pfeffer, Thymian würzen und 12-15 Minuten auf kleiner Stufe köchen lassen, bis die Kritharaki gar sind. Dabei gelegentlich umrühren und bei Bedarf Flüssigkeit hinzufügen. "}, {"id": "4", "content": "Zum Schluss den gewürfelten Feta untermischen. \n"}]', NULL, NULL, 2, 'vegetarian');
INSERT INTO recipe (id, name, description, image, steps, cook_time, prep_time, portions, diet) VALUES (11, 'Zoodles mit Feta', '', 'zg5cbx2dndtducigptks', '[{"id": "1", "content": "Zucchini mit einem Spiralschneider zu \"Spaghetti\" verarbeiten."}, {"id": "2", "content": "Olivenöl in einer Pfanne auf mittlerer Stufe erhitzen. Knoblauch unter Rühren eine Minute anschwitzen. Zucchini-Spaghetti hinzufügen, Hitze etwas erhöhen. Tomaten zerkleinern und dazu geben."}, {"id": "3", "content": "Mit Zitrone, Salz und Pfeffer abschmecken. Feta zerkrümeln, die Hälfte unter die Zoodles heben und auf einen Teller geben. Mit dem restlichen Feta toppen."}]', NULL, NULL, 1, 'vegetarian');
INSERT INTO recipe (id, name, description, image, steps, cook_time, prep_time, portions, diet) VALUES (3, 'Hummusbrot', 'Mit gerösteten Kichererbsen', 'alqhxgsdcgnbqaz7t9z1', '[{"id": "1", "content": "Kichererbsen mit Olivenöl mischen und ca 25 Minuten im Ofen backen. Für die letzten 10 Minuten mit Paprika- und Knoblauchpulver vermischen."}, {"id": "2", "content": "Ruccola waschen, getrocknete Tomaten in Streifen schneiden."}, {"id": "3", "content": "Brot mit Humus bestreichen, mit Tomaten, Kichererbsen und Rucola belegen."}]', NULL, NULL, 2, 'vegan');
INSERT INTO recipe (id, name, description, image, steps, cook_time, prep_time, portions, diet) VALUES (28, 'Grünes Wokgemüse ', '', 'jjnpuhmt3h59gcrj1oqr', '[{"id": "1", "content": "Jasmin Reis kochen"}, {"id": "2", "content": "In der Zwischenzeit das Gemüse klein schneiden."}, {"id": "3", "content": "Ingwer, Knoblauch, Zwiebeln, Wasserkastanien und Bohnen im Wok anbraten."}, {"id": "4", "content": "Zum Schluss Schwarzkohl und Saucen dazu geben und kurz köcheln lassen."}]', NULL, NULL, 2, 'vegan');
INSERT INTO recipe (id, name, description, image, steps, cook_time, prep_time, portions, diet) VALUES (20, 'Mexikanischer Reisauflauf', 'Mit Paprika und schwarzen Bohnen', 'ktzz4naovnqtbw5yuead', '[{"id": "1", "content": "Den Reis garen, Ofen vorheizen."}, {"id": "2", "content": "Zwiebeln, Knoblauch würfeln und mit Olivenöl in einer ofenfesten gusseisernen Pfanne anbraten. Tomatenmark und Gewürze hinzufügen und kurz mit braten, gewürfelte Paprika hinzufügen. "}, {"id": "3", "content": "Bohnen und Mais hinzufügen und mit Gemüsebrühe aufgießen, köcheln lassen bis der Reis fertig ist. \nMit den Gewürzen abschmecken und Reis unterrühren."}, {"id": "4", "content": "Mit Mozzarella-Scheiben belegen und 10-15 im Ofen überbacken. Mit gehackten Frühlingszwiebeln und Koriandergrün servieren. "}]', '01:00:00', '00:15:00', 3, 'vegetarian');
INSERT INTO recipe (id, name, description, image, steps, cook_time, prep_time, portions, diet) VALUES (19, 'Nudeln mit Tomaten und Mozzarella', '', 'fjpwwcd0iqewof0opj84', '[{"id": "1", "content": "Nudeln kochen, Zwiebel fein schneiden, Tomaten halbieren. "}, {"id": "2", "content": "Zwiebeln in Olivenöl glasieren. Dann die Tomaten dazu, kurz anbraten und mit Salz und Pfeffer würzen. "}, {"id": "3", "content": "Gekochte Nudeln, klein-geschnittenen Mozzarella und Basilikum unterheben"}]', NULL, NULL, 2, 'vegetarian');
INSERT INTO recipe (id, name, description, image, steps, cook_time, prep_time, portions, diet) VALUES (16, 'Grüne Currysuppe mit Linsen', 'mit Süßkartoffel und Spinat', 'hvr7nsyfh4lbnuegbwny', '[{"id": "1", "content": "Zwiebeln, Knoblauch und Ingwer in feine Würfel schneiden und anbraten bis die Zwiebeln glasig sind.\nCurrypaste hinzufügen und kurz mitbraten, ca 2 Minuten."}, {"id": "2", "content": "Linsen hinzufügen und mit Brühe ablöschen. Aufkochen, dann ca 25 Minuten köcheln lassen. \nGewürfelte Süßkartoffel ca 5 Minuten bevor die Linsen gar sind dazugeben. "}, {"id": "3", "content": "Kokosmilch und Fischsauce einrühren, Spinat hinzufügen. Kurz umrühren, wenn der Spinat zusammenfällt mit Salz und Fischsauce abschmecken."}, {"id": "4", "content": "Mit Koriandergrün und Limettenspalten servieren. "}]', '00:40:00', '00:20:00', 2, 'fish');
INSERT INTO recipe (id, name, description, image, steps, cook_time, prep_time, portions, diet) VALUES (22, 'Miso-Tahini Dressing', '', 'luct7xowuohc8spa3m8e', '[{"id": "1", "content": "Wasser erhitzen. Chili kleinhacken (Menge nach Bedarf, wenig reicht!). Knoblauch und Ingwer in Stückchen schneiden. "}, {"id": "2", "content": "Alle Zutaten im Blender fein mixen."}, {"id": "3", "content": "Hält luftdicht verschlossen bis zu 3 Tage im Kühlschrank. "}]', '00:10:00', '00:10:00', 4, 'vegan');
INSERT INTO recipe (id, name, description, image, steps, cook_time, prep_time, portions, diet) VALUES (25, 'Linsen-Mangold-Curry', '', 'jzuxhsbgqme2pr6zjvqe', '[{"id": "1", "content": "Den Mangold putzen und waschen. Die Stiele würfeln und die Blätter in Streifen schneiden. Zwiebeln, Knoblauch und Ingwer schälen. Zwiebeln würfeln, Knoblauch und Ingwer hacken. Die Linsen in einem Sieb durchspülen und abtropfen lassen."}, {"id": "2", "content": "Die Butter erhitzen und Zwiebeln, Knoblauch und Ingwer darin glasig anschwitzen. Sesam, Kreuzkümmel und Kurkuma dazugeben und kurz mitbraten. Linsen, Mangold, Kokosmilch und Brühe dazugeben. Mit Salz würzen und alles etwa 15 Minuten bei mittlerer Hitze kochen"}, {"id": "3", "content": "Vor dem Servieren das Linsen-Mangold-Curry mit Salz und Zitronensaft abschmecken. "}]', '00:30:00', '00:15:00', 2, 'vegetarian');
INSERT INTO recipe (id, name, description, image, steps, cook_time, prep_time, portions, diet) VALUES (23, 'Miso Bowl mit Schwarzkohl', 'Aromatische Bowl mit Miso Dressing und gedämpftem Schwarzkohl', 'wtnachukp9d9v3lm24au', '[{"id": "1", "content": "Reis kochen, eine Portion Miso Dressing herstellen."}, {"id": "2", "content": "Den Schwarzkohl in einer Pfanne mit Tamari und Orangensaft ca 10 Minuten abgedeckt dünsten, bis der Kohl weich ist. "}, {"id": "3", "content": "Reis in Bowls aufteilen, mit Schwarzkohl, Rucola, Karotten und Paprika anrichten."}, {"id": "4", "content": "Tofuwürfel darübergeben und mit Miso Dressing verfeinern."}]', '00:25:00', '00:15:00', 2, 'vegan');
INSERT INTO recipe (id, name, description, image, steps, cook_time, prep_time, portions, diet) VALUES (17, 'Naan', '', 'wthrcl5igevjvuljdznq', '[{"id": "1", "content": "Hefe und Zucker in die lauwarme Milch rühren. Das Mehl in eine Schüssel geben, in die Mitte eine Mulde formen und die Hefemilch hineingießen. Mit etwas Mehl vom Rand vermischen und an einem warmen Ort 10 Minuten stehen lassen."}, {"id": "2", "content": "Joghurt, Salz und Backpulver mit in die Schüssel geben und den Teig gut 5 Minuten mit den Knethaken kneten. Schüssel mit einem Küchentuch abdecken und den Teig ca. 1h an einem warmen Ort gehen lassen."}, {"id": "3", "content": "Den Teig in ca. 6 gleich große Stücke teilen und Kugeln formen. Jede Kugel entweder mit den Händen (ähnlich wie eine Pizza) zu einem kleinen Fladen ziehen, der am Rand etwas dicker ist; oder klassisch auf etwas Mehl auswellen."}, {"id": "4", "content": "Eine beschichtete Pfanne sehr heiß werden lassen und das erste Naan hineingeben. Nach kurzer Zeit wenden, sobald es Blasen wirft, und von der anderen Seite backen. Vorsicht, die Brote werden schnell zu dunkel! Mit den restlichen Broten ebenso verfahren. Zum Servieren etwas flüssige Butter darübergeben."}]', '01:00:00', '00:20:00', 2, 'vegetarian');
INSERT INTO recipe (id, name, description, image, steps, cook_time, prep_time, portions, diet) VALUES (18, 'Kürbis-Kichererbsen Curry', '', 'kaq302yc6ac2dm61stge', '[{"id": "1", "content": "Kürbis in ca 3cm große Stücke, den Ingwer in Streifen schneiden. Koriandergrün abzupfen, die Stängel fein hacken. "}, {"id": "2", "content": "Öl erhitzen, Ingwer, Knoblauch, Chilli und Schalotten scharf anbraten, dann Hitze reduzieren. "}, {"id": "3", "content": "Wenn die Schalotten glasig sind Senfsaat, Curryblätter und Korianderstängel mitbraten, bis die Curryblätter knusprig werden. Kurkuma, Tomaten und Kokosmilch hinzufügen. Aufkochen, dann Kürbis und Kichererbsen hinzufügen. Bei niedriger Hitze mit Deckel für ca 45 Minuten köcheln lassen. \nBei Bedarf etwas Wasser hinzufügen. "}, {"id": "4", "content": "Nach Ablauf der Zeit den Deckel abnehmen und weitere 15 Minuten köcheln lassen, bis die Sauce cremig ist. Kurz vor Ende der Garzeit den Spinat unterheben. "}, {"id": "5", "content": "Mit Koriandergrün servieren. Dazu passt Reis oder Naan Brot. "}]', '01:15:00', '00:15:00', 4, 'vegan');
INSERT INTO recipe (id, name, description, image, steps, cook_time, prep_time, portions, diet) VALUES (15, 'Mexikanischer Eintopf', 'mit Bohnen, Karotten, Paprika und Schokolade!', 'pqddzmvyudmrx0km3fdd', '[{"id": "1", "content": "Die Paprika vierteln, entkernen und in feine Streifen schneiden. Die Karotten schälen, die Enden abschneiden und die Karotten ebenfalls in feine Streifen schneiden. Die Zwiebel schälen, halbieren und in feine Halbringe schneiden."}, {"id": "2", "content": "Paprika, Karotten und Zwiebeln in einem großen Topf 1-2Min. anbraten."}, {"id": "3", "content": "Gemüse mit den gehackten Tomaten ablöschen, Gewürzmischung hinzufügen und die Hitze auf mittlere Stufe reduzieren."}, {"id": "4", "content": "Die Bohnen und den Mais mit der Flüssigkeit sowie die Gemüsebrühe hinzugeben. Den Eintopf abgedeckt ca. 20–25Min. sanft köcheln lassen. Nach Bedarf etwas kochendes Wasser nachgießen, falls zu viel Flüssigkeit verköchelt."}, {"id": "5", "content": "Währenddessen die Petersilie samt Stängeln grob hacken. Kako hinzufügen. Den Eintopf nach Geschmack mit Gewürzmischung, Kako, Salz und Pfeffer abschmecken und mit Petersilie bestreut servieren."}]', '00:30:00', '00:10:00', 2, 'vegan');
INSERT INTO recipe (id, name, description, image, steps, cook_time, prep_time, portions, diet) VALUES (30, 'Polnischer Krautsalat', 'von Karin W.', '', '[{"id": "1", "content": "Spitzkohl, Möhren und Apfel raspeln. Zwiebel und Knoblauch fein schneiden, Paprika und Tomaten in dünne Scheiben schneiden. "}, {"id": "2", "content": "Gemüse mit den restlichen Zutaten vermengen, mit Salz und Pfeffer abschmecken und im Kühlschrank durchziehen lassen. "}]', NULL, NULL, 2, 'vegetarian');
INSERT INTO recipe (id, name, description, image, steps, cook_time, prep_time, portions, diet) VALUES (31, 'Gemüse Kartoffel Curry', '', 'ubildpertmpr9kqxgx3k', '[{"id": "1", "content": "Die Kartoffeln waschen, schälen und in grobe Würfel schneiden. Die Schalotten schälen und in Spalten schneiden. Zuckerschoten putzen und waschen. Ingwer schälen und fein reiben. Den Kreuzkümmel im Mörser zerreiben."}, {"id": "2", "content": "Das Erdnussöl in einer Pfanne erhitzen, Kartoffelwürfel und Schalotten darin goldgelb anbraten. Currypaste, Ingwer und Kreuzkümmel zugeben, kurz anrösten, Sahne und Gemüse fond dazugießen. Hitze reduzieren und alles 10-12 Minuten köcheln lassen."}, {"id": "3", "content": "Zuckerschoten und Erbsen zufügen und weitere 3-5 Minu ten köcheln lassen. Die Cashewkerne in einer Küchenma schine fein mahlen und unter das Curry rühren. Nochmals aufkochen. Alles mit Salz und Zucker abschmecken. Petersilie abbrausen und gut trocken schütteln. Blätter abzupfen, fein hacken und zuletzt in das Curry rühren."}, {"id": "4", "content": ""}]', NULL, NULL, 4, 'vegan');
INSERT INTO recipe (id, name, description, image, steps, cook_time, prep_time, portions, diet) VALUES (32, 'Colache', 'Mexikanischer Gemüsetopf', 'y7gihu9dex8lkq2mrftz', '[{"id": "1", "content": "Die Zucchini in Stücke, die Maiskolben in Scheiben schneiden. Die Bohnen putzen. Die Zwiebeln in Ringe schneiden, den Knoblauch fein hacken. "}, {"id": "2", "content": "Paprikaschoten in Streifen schneiden, die Tomaten in Stücke. Die Chillischote fein hacken. "}, {"id": "3", "content": "Butter in einem großen (gusseisernen) Topf erhitzen und das Gemüse darin andünsten. Mit Salz, Pfeffer und Chillipulver würzen. "}, {"id": "4", "content": "Das Ganze im Topf bei milder Hitze ca 10 Minuten köcheln lassen. "}, {"id": "5", "content": "Dazu passt Baguette. "}]', '00:30:00', '00:20:00', 4, 'vegan');
INSERT INTO recipe (id, name, description, image, steps, cook_time, prep_time, portions, diet) VALUES (36, 'Tofu & Brokkoli', 'Schnelles Essen in 15 Minuten', 'gxehczwvipiwtguk93qp', '[{"id": "1", "content": "Tofu in große Streifen schneiden und abtrocknen/auspressen. Salzen und Pfeffern. "}, {"id": "2", "content": "Tofu bei niedriger bis mittlerer Hitze in Öl anbraten, ca 4 Minuten pro Seite. "}, {"id": "3", "content": "Ingwer und Knoblauch hacken. Brokkoli kleinschneiden und blanchieren. "}, {"id": "4", "content": "Zutaten für die Sauce verrühren. "}, {"id": "5", "content": "Tofu beiseite stellen, in der Pfanne Ingwer und Knoblauch dünsten. Sauce dazu, kurz aufkochen. Bokkoli und gewürfeltes Tofu dazugeben. "}, {"id": "6", "content": "Mit Sesam bestreuen. Dazu passt Reis. "}]', '00:15:00', '00:15:00', 2, 'vegan');
INSERT INTO recipe (id, name, description, image, steps, cook_time, prep_time, portions, diet) VALUES (38, 'Spicy Tan Tan Ramen', '', '', '[{"id": "1", "content": "https://www.youtube.com/watch?v=VLfrRZoqzUg"}, {"id": "2", "content": "alternativ: https://www.edeka.de/rezepte/rezept/tantanmen-ramen-mit-veganem-hack.jsp"}]', NULL, NULL, 2, 'vegan');
INSERT INTO recipe (id, name, description, image, steps, cook_time, prep_time, portions, diet) VALUES (24, 'Gemüsetajine mit Sadri Reis', 'marokkanische Spezialität', 'ovmjly7yq61qsega3gjv', '[{"id": "1", "content": "Aubergine waschen. Zwiebeln und Knoblauch schälen. Alles in kleine Würfel scheneiden.\n\nZucchini und Paprika waschen und klein schneiden."}, {"id": "2", "content": "Herd auf hohe Stufe stellen. Olivenöl in der Tajine erhitzen. Auberginen, Zwiebeln und Knoblauch anbraten. Mit 1EL Ras el-hanout bestreuen.\n\nNach rund 5 Minuten Zucchini und Paprika zugeben. Feigen in Stücke schneiden und drüber geben. Nicht mehr rühren. Herd auf kleine Stufe stellen."}, {"id": "3", "content": "Tomaten waschen und vierteln.\n\nIn die Tajine geben."}, {"id": "4", "content": "Mangold waschen und klein schneiden.\n\nIn die Tajine geben.\n\n1EL Honig auf dem Gemüse verteilen. Restliches Ras el-Hanout zugeben.\n\nNicht rühren."}, {"id": "5", "content": "Tajine verschließen und Gemüse rund 40 Minuten garen lassen."}, {"id": "6", "content": "Reis zubereiten."}, {"id": "7", "content": "Deckel der Tajine abnehmen und rund 10 Minuten geöffnet weitergaren lassen.\n\nGemüse mit Sadri Reis anrichten."}]', '01:00:00', '00:15:00', 2, 'vegan');
INSERT INTO recipe (id, name, description, image, steps, cook_time, prep_time, portions, diet) VALUES (26, 'Erbsen-Guacamole', 'regionale Alternative', 'fy1phvvmmkafkerg4b0n', '[{"id": "1", "content": "Gib die Erbsen mit etwas Wasser in einen Topf und lasse sie rund fünf Minuten köcheln. Verwende nur so viel Wasser, dass die Erbsen nicht ganz bedeckt sind. Am besten eignen sich frische oder tiefgekühlte Erbsen."}, {"id": "2", "content": "Gieße das Kochwasser ab und stelle es für später zur Seite. Püriere die weich gekochten Erbsen. "}, {"id": "3", "content": "Hacke die Knoblauchzehe fein und schneide Zwiebel und Tomaten in feine Würfel. Hacke den Koriander und optional eine Chilischote ebenfalls grob."}, {"id": "4", "content": "Rühre das Öl, den Limettensaft, den Knoblauch sowie die Zwiebel- und Tomatenstücke unter das Erbsenpüree und schmecke mit Salz und Pfeffer ab. Füge so viel Kochwasser hinzu, bis die gewünschte Konsistenz erreicht ist. "}, {"id": "5", "content": "Lasse die Erbsen-Guacamole abkühlen. "}, {"id": "6", "content": "Tipp: Am besten schmeckt die Guacamole, wenn sie einige Stunden im Kühlschrank durchziehen konnte."}]', '00:45:00', '00:15:00', 2, 'vegan');
INSERT INTO recipe (id, name, description, image, steps, cook_time, prep_time, portions, diet) VALUES (27, 'Black Bean Tostadas', 'These toasted tortillas topped with flavorful black beans and fresh vegetables make a quick and delicious light meal. ', 'xpvf6ceprrk457b8blvb', '[{"id": "1", "content": "Bohnen einweichen und kochen. "}, {"id": "2", "content": "Backofen auf 170° vorheizen. Torillas nebeneinander auf ein Backblech geben. 15 Minuten knusprig backen. "}, {"id": "3", "content": "Währenddessen Zwiebel und Knoblauch kurz anbraten. Bohnen, Zitrone und Kreuzkümmel dazugeben. Ca 100ml Wasser dazugeben und 10 Minuten bei mittlerer Hitze braten. "}, {"id": "4", "content": "Bohnenmischung nach Geschmack etwas zermatschen, bei Bedarf Wasser hinzufügen. Mit Salz und Pfeffer abschmecken. "}, {"id": "5", "content": "Gebackene Tortillas mit Bohnenmus bestreichen. Salat, Frühlingszwiebeln, Tomaten und Koriander darauf verteilen. "}]', '00:15:00', '00:15:00', 2, 'vegan');
INSERT INTO recipe (id, name, description, image, steps, cook_time, prep_time, portions, diet) VALUES (29, 'Gemüse-Korma-Curry', 'mit Basmatireis und Mandelblättchen', 'wmfvwzcwhrl2ndqyqsgy', '[{"id": "1", "content": "Reis abspülen und kochen."}, {"id": "2", "content": "Währenddessen die Karotte ggf. schälen und schräg in dünne Scheiben schneiden. Die Enden der Bohnen abschneiden und die Bohnen halbieren oder dritteln. Die Kichererbsen in einem Sieb gut abtropfen lassen."}, {"id": "3", "content": "Die Mandeln in einer großen Pfanne ohne Zugabe von Fett bei mittlerer Hitze 1–2Min. anrösten. Vorsicht! Die Mandeln können schnell verbrennen! Zum Abkühlen aus der Pfanne nehmen, sie dunkeln sonst noch nach."}, {"id": "4", "content": "Die Karotten und die Bohnen in derselben Pfanne mit 1EL Pflanzenöl bei mittlerer Hitze 4–6Min. anbraten."}, {"id": "5", "content": "Die Kokosmilch unterrühren und je nach Schärfewunsch mit der Currypaste würzen. Das Curry auf niedrigster Stufe 4–5Min. sanft köcheln lassen. Mit Salz und Pfeffer abschmecken und die Kichererbsen untermischen."}, {"id": "6", "content": "Die Tomate in kleine Würfel schneiden, dabei den Strunk entfernen. Das Gemüse-Korma-Curry mit dem Reis anrichten und mit den Tomatenwürfeln und den Mandelblättchen garniert servieren."}]', NULL, NULL, 2, 'vegan');
INSERT INTO recipe (id, name, description, image, steps, cook_time, prep_time, portions, diet) VALUES (37, 'Kürbissuppe', '', '', '[{"id": "1", "content": "Kürbis, Möhren, Ingwer und Zwiebel schälen und würfeln, in der Butter andünsten. Mit der Brühe aufgießen und in etwa 15 - 20 Minuten weich kochen."}, {"id": "2", "content": "Dann sehr fein pürieren. Die Kokosmilch unterrühren, mit Salz, Pfeffer, Sojasauce, Curry und Zitronensaft abschmecken und noch mal erwärmen. Mit Korianderblättchen garniert servieren."}]', NULL, NULL, 6, 'vegan');
INSERT INTO recipe (id, name, description, image, steps, cook_time, prep_time, portions, diet) VALUES (33, 'Saftiger Zitronenkuchen', 'Rezept aus Österreich ', 'mkf8gvfyk09ti0r5eago', '[{"id": "1", "content": "Backrohr auf 170°C Ober-/Unterhitze vorheizen. Eine Kastenform von 24 cm Länge ausfetten und mit Zucker ausstreuen."}, {"id": "2", "content": "Weiche Butter, Puderzucker und Zitronenschale mit den Schneebesen eines Handrührgerätes oder einer Küchenmaschine cremig rühren. Nach und nach die Eigelb dazugeben und zu einer dickschaumigen Masse aufschlagen. Eiweiß steif schlagen, dabei den Zucker einrieseln lassen und so lange weiterschlagen, bis der Schnee schnittfest und glänzend ist. Mehl, Backpulver, und Stärkemehl mit einem Drittel des Schnees unter den Teig rühren, den restlichen Schnee locker und gleichmäßig unterheben."}, {"id": "3", "content": "Den Teig in die Kastenform einfüllen und im heißen Backrohr auf der unteren Schiene knapp 1 Stunde backen."}, {"id": "4", "content": "Den Kuchen in der Form etwas überkühlen lassen.\nZitronen auspressen und 2 Esslöffel Saft davon abnehmen. Den restlichen Saft mit 50g Puderzucker verrühren. Mit einem Schaschlikspieß in den warmen Kuchen einstechen und in diese Öffnungen die Zitronensaft-Zucker-Mischung hineinträufeln. So fortfahren, bis der Kuchen durch und durch gut getränkt ist.\nDen restlichen Staubzucker mit dem zurückgelassenen Zitronensaft und so viel Wasser verrühren, dass eine glatte glänzende Glasur entsteht. Den Kuchen damit überziehen."}, {"id": "5", "content": "Der saftige Zitronenkuchen schmeckt einen Tag nach dem Backen, also gut durchgezogen, am feinsten."}]', '01:30:00', '00:30:00', 1, 'vegetarian');
INSERT INTO recipe (id, name, description, image, steps, cook_time, prep_time, portions, diet) VALUES (34, 'Reisnudelsalat mit Limetten-Erdnuss-Dressing', 'Rezept von Klara', 'e51oujyllvybyopn0im7', '[{"id": "1", "content": "Rotkohl und Paprika in feine Streifen schneiden. Gurke längs halbieren, Kerne mit einem Löffel herauskratzen, anschließend zusammen mit der Karotte in feine Stifte schneiden. Geschnittenes Gemüse mit ¼ TL Salz würzen und leicht einmassieren."}, {"id": "2", "content": "Für das Dressing Knoblauch und Ingwer reiben und mit Erdnussmus, Sojasauce, Limettensaft, Essig, Sriracha, Sesamöl und 50 ml kaltem Wasser mit dem Schneebesen glatt rühren."}, {"id": "3", "content": "Reisnudeln in reichlich kochendem Wasser etwa 4–6 Minuten oder nach Packungsanweisung kochen. Anschließend abgießen, kurz abtropfen lassen und sofort mit dem Gemüse und dem Dressing vermengen."}, {"id": "4", "content": "Frühlingszwiebel und Chili in feine Ringe schneiden und unterheben. Kurz vor dem Servieren mit frisch gezupftem Koriandergrün und Erdnüssen toppen."}]', '00:15:00', '00:15:00', 2, 'vegan');
INSERT INTO recipe (id, name, description, image, steps, cook_time, prep_time, portions, diet) VALUES (35, 'Grünkohl-Süßkartoffel-Curry', 'veganes Curry mit Kichererbsen', 'yyk2vmkybufhzxoiwn9h', '[{"id": "1", "content": "Wasche den Grünkohl, entferne die harten und groben Stiele und schneiden den Grünkohl in kleinere Stücke.\nWasche die Süßkartoffeln und bürste sie ab, schneide sie dann in ein-Zentimeter-dicke Stifte. Lass die Kichererbsen durch ein Sieb abtropfen."}, {"id": "2", "content": "Entferne die Schale des Ingwers, indem du sie mit einem Teelöffel abschabst. Reibe den Ingwer oder hacke ihn fein. Halbiere die Chilischote, entferne die Kerne, wasche die Hälften und schneide sie klein. Schäle die Zwiebel und schneide sie klein."}, {"id": "3", "content": "Erhitze das Öl in einem Wok oder einer Pfanne, gib den Ingwer, die Chili, die Zwiebel und die Mandelstifte hinein und brate alles leicht an."}, {"id": "4", "content": "Füge das Currypulver hinzu und lass es kurz anschwitzen. Gieße dann die Gemüsebrühe und die Kokosmilch hinzu und bringe alles zum Kochen."}, {"id": "5", "content": "Füge den Grünkohl nach und nach hinzu und lasse alles zugedeckt bei mittlerer Hitze etwa 15 Minuten köcheln."}, {"id": "6", "content": "Füge die Süßkartoffeln und die Kichererbsen hinzu und lasse alles etwa zehn Minuten garen."}, {"id": "7", "content": "Wasche die Süßkartoffeln und bürste sie ab, schneide sie dann in ein-Zentimeter-dicke Stifte. Lass die Kichererbsen durch ein Sieb abtropfen."}, {"id": "8", "content": "Schmecke das Curry mit Sojasauce, Salz und Pfeffer ab.\nServiere das Curry alleine oder mit Reis. Garniere es mit den Frühlingszwiebeln."}]', NULL, NULL, 4, 'vegan');
INSERT INTO recipe (id, name, description, image, steps, cook_time, prep_time, portions, diet) VALUES (39, 'Schnelle Udon Nudeln', '', '', '[{"id": "1", "content": "Finely chop the garlic and ginger.  Slice the red onion and chop the broccolini into bite sized pieces. Cut off the base of the shimeji mushroom cluster to discard.  Set the mushrooms aside.  Chop the green onions into small batons "}, {"id": "2", "content": "Bring some water to boil for the noodles.  Soak the udon noodles for 3-4min.  Use chopsticks to gently loosen the noodles "}, {"id": "3", "content": "Make a stir fry sauce by combining the soy sauce, dark soy sauce, sriracha, plantbased oyster sauce, and toasted sesame oil "}, {"id": "4", "content": "Heat up a nonstick pan to medium heat.  Add the avocado oil followed by the garlic, ginger, and red onions.  Sauté for about 1min."}, {"id": "5", "content": "Add the broccolini and green onions.  Sauté for 2-3min. Add the shimeji mushrooms and sauté for about 1min. "}, {"id": "6", "content": "Strain out the udon noodles and add to the pan.  Add the stir fry sauce and sauté for another 2-3min."}, {"id": "7", "content": "Plate the noodles and sprinkle over some sesame seeds to serve."}, {"id": "8", "content": "https://www.youtube.com/watch?v=DOKvDbkJrdE"}]', '00:15:00', '00:15:00', 2, 'vegan');
INSERT INTO recipe (id, name, description, image, steps, cook_time, prep_time, portions, diet) VALUES (10, 'Tom Yum Suppe', 'Vegane Tom Yum mit Gemüse', 'wv3ro5hdctawz4o1ivj1', '[{"id": "1", "content": "Die Zwiebel in Scheiben schneiden und zusammen mit der Suppen Paste in einer großen Pfanne anschwitzen."}, {"id": "2", "content": "Das Gemüse schneiden und ebenfalls mit in die Pfanne geben.\n\nEtwa 2 Minuten braten lassen."}, {"id": "3", "content": "Die passierten Tomaten und die Kokosmilch dazu geben und köcheln lassen."}, {"id": "4", "content": "Wenn das Gemüse in der Suppe gar ist, kann man die Suppe auf zwei Schalen aufteilen und optional mit Reis oder Reisnudeln garnieren."}]', NULL, NULL, 2, 'vegan');
INSERT INTO recipe (id, name, description, image, steps, cook_time, prep_time, portions, diet) VALUES (12, 'Spargelrisotto mit Zitrone', '', 'wu5yo5vr4meie3nehk0a', '[{"id": "1", "content": "Den Spargel schälen, in 2 cm lange Stücke schneiden und in kochendem Wasser rund 5 Minuten ziehen lassen. Wasser leicht salzen und zuckern.\nMit einer Kelle schöpfen und beiseite stellen.\n500ml von dem Kochwasser aufbewahren und statt Brühe verwenden."}, {"id": "2", "content": "Die Zwiebeln klein schneiden und Öl in einem Topf erhitzen.\nZwiebeln in den Topf geben. Unter rühren nach gut zwei Minuten den Reis zugeben.\nKurz anrösten und mit Weißwein ablöschen."}, {"id": "3", "content": "Die Zitronenschale abreiben.\nPinienkerne ohne Fett in der Pfanne rösten.\nBeides beiseite stellen."}, {"id": "4", "content": "Nach und nach das Kochwasser vom Spargel zum Reis in den Topf geben.\nMit dem nächsten Schuss warten, bis der Reis die Flüssigkeit aufgenommen hat. Stets gut Rühren.\nWenn der Reis gar ist, den gekochten Spargel unterheben und drei Minuten ziehen lassen."}, {"id": "5", "content": "Kurz vor dem Servieren 1/3 des Parmesans unter den Reis heben.\nDann auf einem Teller anrichten. Nach belieben Salzen und Pfeffern.\nMit restlichem Parmesan, den Pinienkernen und der Zitronenschale anrichten."}]', NULL, NULL, 2, 'vegan');
INSERT INTO recipe (id, name, description, image, steps, cook_time, prep_time, portions, diet) VALUES (13, 'Gemüse Spintalasagne', 'Comfortfood: vegan oder vegetarisch', 'uopckgclc7ubbgzmnflx', '[{"id": "1", "content": "Die Zwiebeln und Champignons in kleine Würfel schneiden. Die Karotten raspeln. \n\nDen Spinat in grobe Streifen schneiden oder falls TK Spinat in der Mikrowelle auftauen und danach überschüssige Flüssigkeit abgiessen."}, {"id": "2", "content": "Die Zwiebeln in einer Pfanne mit der Butter braten bis sie glasig sind.\n\nDann die Karotten und Champignons dazu geben und mit mehr Hitze anbraten."}, {"id": "3", "content": "Nun die Milch und Gemüsebrühe unterühren. \n\nDanach den Spinat hinzufügen und kochen bis er zerfällt (Bei TK Spinat nicht nötig)."}, {"id": "4", "content": "Die Knoblauchzehe pressen und beimengen und den Frischkäse unterühren.\n\nZum Schluss mit Salz, Pfeffer und milden Chilipulver abschmecken. Es darf ruhig würzig und salzig sein.\n\nDie Füllung kann nun vom Herd an die Seite gestellt werden."}, {"id": "5", "content": "Es bietet sich an nun den Backofen auf 180-200 Grad Umluft zu stellen."}, {"id": "6", "content": "Das Öl in einem Topf erhitzen (nicht zu heiß!) und das Mehl mit einem Schneebesen nach und nach unterühren.\n\nDanach die passierten Tomaten nach und nach unterühren."}, {"id": "7", "content": "Zum Schluss die Sojasauce unterühren und die Knoblauchzehe dazu pressen. \n\nDas ganze mit Salz und Pfeffer abschmecken."}, {"id": "8", "content": "In einer Auflaufform abwechselnd Spinatfülle, Tomatensauce und Lasagneplatten stapeln.\n\nDie letzte Schicht mit Spinat oder Tomatensauce beenden und den geriebenen Käse darüber verteilen."}, {"id": "9", "content": "Das ganze für circa 25 Minuten im Ofen backen."}]', '01:30:00', '01:00:00', 3, 'vegan');
INSERT INTO recipe (id, name, description, image, steps, cook_time, prep_time, portions, diet) VALUES (21, 'JJajangmyeon', 'Kroean-Chinese black noodles', 'etvclvslp48jkm2ucvek', '[{"id": "1", "content": "Kombinieren Sie in einem Messbecher heißes Wasser und die getrockneten Shiitake-Pilze und lassen Sie sie 15 bis 20 Minuten ruhen. In der Zwischenzeit alles Gemüse schneiden."}, {"id": "2", "content": "Zu diesem Zeitpunkt werden die Shiitake-Pilze erweicht. Drücken Sie das gesamte Wasser aus dem Shiitake (stellen Sie sicher, dass Sie den gesamten Saft in den Messbecher sammeln) und hacken Sie ihn. Gießen Sie mehr Wasser in die Shiitake-Pilzbrühe, um eine genaue 1 Tasse zu erhalten."}, {"id": "3", "content": "Einen großen Wok oder eine Pfanne bei mittlerer bis hoher Hitze erhitzen. Fügen Sie Speiseöl, Knoblauch, Ingwer und Frühlingszwiebeln hinzu. 45 Sekunden bis 1 Minute braten, um diese Aromen in das Öl zu geben."}, {"id": "4", "content": "Wenn Sie alle Düfte riechen können, fügen Sie schwarze Bohnenpaste hinzu und rühren Sie 1 Minute lang. Ständig rühren."}, {"id": "5", "content": "Den Rest der Gemüsezwiebeln, Kohl, Zucchini und Pilze hinzufügen. Alles zusammenrühren und 3 bis 4 Minuten braten oder bis das Gemüse weich ist. Häufig umrühren."}, {"id": "6", "content": "Fügen Sie jetzt die Shiitake-Pilzbrühe, den Zucker und die vegetarische Austernsauce hinzu. Alles mischen, zum Kochen bringen, Hitze auf mittel reduzieren und 10 bis 15 Minuten ohne Abdeckung köcheln lassen. Gelegentlich umrühren, damit das Gemüse gleichmäßig kocht."}, {"id": "7", "content": "In der Zwischenzeit ist dies der perfekte Zeitpunkt, um mit dem Kochen Ihrer Nudeln zu beginnen. Sie können jede Ihrer Lieblingsnudeln verwenden, oder sogar Reis passt hervorragend zu dieser Jjajang-Sauce. Kochen Sie die Nudeln, indem Sie den Anweisungen der von Ihnen verwendeten Verpackung folgen. Nehmen Sie die gekochten Nudeln aus dem Topf und spülen Sie sie unter kaltem Eiswasser aus, um das Kochen zu beenden und die Stärke loszuwerden. Vollständig abtropfen lassen."}, {"id": "8", "content": "Mischen Sie Maisstärke und die gleiche Menge kaltes Wasser. Mit kreisender Bewegung in den Wok gießen und sofort umrühren. Fügen Sie Ihrem Geschmack schwarzen oder weißen Pfeffer hinzu."}, {"id": "9", "content": "Gießen Sie die Jjajang-Sauce über die gekochten Nudeln. Füllen Sie es mit ein paar gelobten Gurken auf, wenn Sie möchten! Mischen Sie gut, bevor Sie essen und genießen!!"}, {"id": "10", "content": ""}]', NULL, NULL, 4, 'vegan');

INSERT INTO ingredient (id, name, recipe_id, diet) VALUES (154, 'Miso-Tahini Dressing', 22, 'vegan');
INSERT INTO ingredient (id, name, recipe_id, diet) VALUES (156, 'Orangensaft', NULL, 'vegan');
INSERT INTO ingredient (id, name, recipe_id, diet) VALUES (158, 'Sadri Reis', NULL, 'vegan');
INSERT INTO ingredient (id, name, recipe_id, diet) VALUES (160, 'Mangold', NULL, 'vegan');
INSERT INTO ingredient (id, name, recipe_id, diet) VALUES (162, 'Honig', NULL, 'vegan');
INSERT INTO ingredient (id, name, recipe_id, diet) VALUES (164, 'rote Linsen', NULL, 'vegan');
INSERT INTO ingredient (id, name, recipe_id, diet) VALUES (166, 'Erbsen', NULL, 'vegan');
INSERT INTO ingredient (id, name, recipe_id, diet) VALUES (168, 'Jasminreis', NULL, 'vegan');
INSERT INTO ingredient (id, name, recipe_id, diet) VALUES (175, 'Pilzsauce', NULL, 'vegan');
INSERT INTO ingredient (id, name, recipe_id, diet) VALUES (177, 'Mandelblättchen', NULL, 'vegan');
INSERT INTO ingredient (id, name, recipe_id, diet) VALUES (179, 'Korma Currypaste', NULL, 'vegan');
INSERT INTO ingredient (id, name, recipe_id, diet) VALUES (181, 'Apfel', NULL, 'vegan');
INSERT INTO ingredient (id, name, recipe_id, diet) VALUES (183, 'Mayonnaise', NULL, 'vegetarian');
INSERT INTO ingredient (id, name, recipe_id, diet) VALUES (185, 'Festkochende Kartoffeln', NULL, 'vegan');
INSERT INTO ingredient (id, name, recipe_id, diet) VALUES (187, 'Erdnussöl', NULL, 'vegan');
INSERT INTO ingredient (id, name, recipe_id, diet) VALUES (194, 'Butter, vegan', NULL, 'vegan');
INSERT INTO ingredient (id, name, recipe_id, diet) VALUES (196, 'Rotkohl', NULL, 'vegan');
INSERT INTO ingredient (id, name, recipe_id, diet) VALUES (198, 'Erdnussmus', NULL, 'vegan');
INSERT INTO ingredient (id, name, recipe_id, diet) VALUES (200, 'Sriracha', NULL, 'vegan');
INSERT INTO ingredient (id, name, recipe_id, diet) VALUES (202, 'Grünkohl', NULL, 'vegan');
INSERT INTO ingredient (id, name, recipe_id, diet) VALUES (204, 'Tofu', NULL, 'vegan');
INSERT INTO ingredient (id, name, recipe_id, diet) VALUES (205, 'Brokkoli', NULL, 'vegan');
INSERT INTO ingredient (id, name, recipe_id, diet) VALUES (207, 'Hoisin Sauce', NULL, 'vegan');
INSERT INTO ingredient (id, name, recipe_id, diet) VALUES (208, 'Austernpilze', NULL, 'vegan');
INSERT INTO ingredient (id, name, recipe_id, diet) VALUES (210, 'Chiliöl', NULL, 'vegan');
INSERT INTO ingredient (id, name, recipe_id, diet) VALUES (127, 'Naturreis', NULL, 'vegan');
INSERT INTO ingredient (id, name, recipe_id, diet) VALUES (10, 'Zwiebel', NULL, 'vegan');
INSERT INTO ingredient (id, name, recipe_id, diet) VALUES (67, 'Knoblauchzehe', NULL, 'vegan');
INSERT INTO ingredient (id, name, recipe_id, diet) VALUES (51, 'Salz', NULL, 'vegan');
INSERT INTO ingredient (id, name, recipe_id, diet) VALUES (64, 'Pfeffer', NULL, 'vegan');
INSERT INTO ingredient (id, name, recipe_id, diet) VALUES (68, 'Milch', NULL, 'vegetarian');
INSERT INTO ingredient (id, name, recipe_id, diet) VALUES (62, 'Gemüsebrühe', NULL, 'vegan');
INSERT INTO ingredient (id, name, recipe_id, diet) VALUES (105, 'gemischte Bohnen', NULL, 'vegan');
INSERT INTO ingredient (id, name, recipe_id, diet) VALUES (2, 'Zucker', NULL, 'vegan');
INSERT INTO ingredient (id, name, recipe_id, diet) VALUES (65, 'Petersilie', NULL, 'vegan');
INSERT INTO ingredient (id, name, recipe_id, diet) VALUES (73, 'Ingwer', NULL, 'vegan');
INSERT INTO ingredient (id, name, recipe_id, diet) VALUES (74, 'Kokosmilch', NULL, 'vegan');
INSERT INTO ingredient (id, name, recipe_id, diet) VALUES (72, 'Frühlingszwiebeln', NULL, 'vegan');
INSERT INTO ingredient (id, name, recipe_id, diet) VALUES (16, 'Olivenöl', NULL, 'vegan');
INSERT INTO ingredient (id, name, recipe_id, diet) VALUES (1, 'Zuccini', NULL, 'vegan');
INSERT INTO ingredient (id, name, recipe_id, diet) VALUES (84, 'Koriandergrün', NULL, 'vegan');
INSERT INTO ingredient (id, name, recipe_id, diet) VALUES (89, 'Feta', NULL, 'vegetarian');
INSERT INTO ingredient (id, name, recipe_id, diet) VALUES (52, 'Eier', NULL, 'vegetarian');
INSERT INTO ingredient (id, name, recipe_id, diet) VALUES (95, 'Parmesan', NULL, 'vegetarian');
INSERT INTO ingredient (id, name, recipe_id, diet) VALUES (115, 'Naturjoghurt', NULL, 'vegetarian');
INSERT INTO ingredient (id, name, recipe_id, diet) VALUES (11, 'Ei', NULL, 'vegetarian');
INSERT INTO ingredient (id, name, recipe_id, diet) VALUES (54, 'Saure Sahne', NULL, 'vegetarian');
INSERT INTO ingredient (id, name, recipe_id, diet) VALUES (123, 'Mozzarella', NULL, 'vegetarian');
INSERT INTO ingredient (id, name, recipe_id, diet) VALUES (50, 'Butter', NULL, 'vegetarian');
INSERT INTO ingredient (id, name, recipe_id, diet) VALUES (71, 'Käse', NULL, 'vegetarian');
INSERT INTO ingredient (id, name, recipe_id, diet) VALUES (66, 'Knödelbrot', NULL, 'vegan');
INSERT INTO ingredient (id, name, recipe_id, diet) VALUES (63, 'Crème fraîche', NULL, 'vegetarian');
INSERT INTO ingredient (id, name, recipe_id, diet) VALUES (99, 'Frischkäse', NULL, 'vegetarian');
INSERT INTO ingredient (id, name, recipe_id, diet) VALUES (112, 'Fischsauce', NULL, 'fish');
INSERT INTO ingredient (id, name, recipe_id, diet) VALUES (143, 'Austernsauce', NULL, 'fish');
INSERT INTO ingredient (id, name, recipe_id, diet) VALUES (146, 'Udon Nudeln', NULL, 'vegan');
INSERT INTO ingredient (id, name, recipe_id, diet) VALUES (131, 'Cheddar', NULL, 'vegetarian');
INSERT INTO ingredient (id, name, recipe_id, diet) VALUES (9, 'Bun', NULL, 'vegan');
INSERT INTO ingredient (id, name, recipe_id, diet) VALUES (3, 'Mehl', NULL, 'vegan');
INSERT INTO ingredient (id, name, recipe_id, diet) VALUES (4, 'Brot', NULL, 'vegan');
INSERT INTO ingredient (id, name, recipe_id, diet) VALUES (5, 'Kichererbsen', NULL, 'vegan');
INSERT INTO ingredient (id, name, recipe_id, diet) VALUES (6, 'getrocknete Tomaten', NULL, 'vegan');
INSERT INTO ingredient (id, name, recipe_id, diet) VALUES (12, 'Salat', NULL, 'vegan');
INSERT INTO ingredient (id, name, recipe_id, diet) VALUES (14, 'Paprikapulver', NULL, 'vegan');
INSERT INTO ingredient (id, name, recipe_id, diet) VALUES (15, 'Knoblauchpulver', NULL, 'vegan');
INSERT INTO ingredient (id, name, recipe_id, diet) VALUES (17, 'Rucola', NULL, 'vegan');
INSERT INTO ingredient (id, name, recipe_id, diet) VALUES (18, 'Hummus', NULL, 'vegan');
INSERT INTO ingredient (id, name, recipe_id, diet) VALUES (47, 'Zimt', NULL, 'vegan');
INSERT INTO ingredient (id, name, recipe_id, diet) VALUES (48, 'Brauner Zucker', NULL, 'vegan');
INSERT INTO ingredient (id, name, recipe_id, diet) VALUES (49, 'Pekannüsse', NULL, 'vegan');
INSERT INTO ingredient (id, name, recipe_id, diet) VALUES (53, 'Vanillezucker', NULL, 'vegan');
INSERT INTO ingredient (id, name, recipe_id, diet) VALUES (55, 'Backpulver', NULL, 'vegan');
INSERT INTO ingredient (id, name, recipe_id, diet) VALUES (56, 'Natron', NULL, 'vegan');
INSERT INTO ingredient (id, name, recipe_id, diet) VALUES (57, 'Chickenlike', NULL, 'vegan');
INSERT INTO ingredient (id, name, recipe_id, diet) VALUES (58, 'Speisestärke', NULL, 'vegan');
INSERT INTO ingredient (id, name, recipe_id, diet) VALUES (59, 'rote Zwiebeln', NULL, 'vegan');
INSERT INTO ingredient (id, name, recipe_id, diet) VALUES (60, 'weißer Spargel', NULL, 'vegan');
INSERT INTO ingredient (id, name, recipe_id, diet) VALUES (61, 'grüner Spargel', NULL, 'vegan');
INSERT INTO ingredient (id, name, recipe_id, diet) VALUES (69, 'Muskatnuss', NULL, 'vegan');
INSERT INTO ingredient (id, name, recipe_id, diet) VALUES (70, 'Spinat', NULL, 'vegan');
INSERT INTO ingredient (id, name, recipe_id, diet) VALUES (76, 'Sojasauce', NULL, 'vegan');
INSERT INTO ingredient (id, name, recipe_id, diet) VALUES (77, 'rote Currypaste', NULL, 'vegan');
INSERT INTO ingredient (id, name, recipe_id, diet) VALUES (78, 'rote Paprika', NULL, 'vegan');
INSERT INTO ingredient (id, name, recipe_id, diet) VALUES (79, 'Champignons', NULL, 'vegan');
INSERT INTO ingredient (id, name, recipe_id, diet) VALUES (80, 'Pak Choy', NULL, 'vegan');
INSERT INTO ingredient (id, name, recipe_id, diet) VALUES (81, 'Zitronengras', NULL, 'vegan');
INSERT INTO ingredient (id, name, recipe_id, diet) VALUES (82, 'Chilischote', NULL, 'vegan');
INSERT INTO ingredient (id, name, recipe_id, diet) VALUES (83, 'Ramennudeln', NULL, 'vegan');
INSERT INTO ingredient (id, name, recipe_id, diet) VALUES (85, 'Kritharaki', NULL, 'vegan');
INSERT INTO ingredient (id, name, recipe_id, diet) VALUES (86, 'Tomatenmark', NULL, 'vegan');
INSERT INTO ingredient (id, name, recipe_id, diet) VALUES (87, 'Salt', NULL, 'vegan');
INSERT INTO ingredient (id, name, recipe_id, diet) VALUES (88, 'Thymian', NULL, 'vegan');
INSERT INTO ingredient (id, name, recipe_id, diet) VALUES (90, 'Tom Yum Thai Soup Paste', NULL, 'vegan');
INSERT INTO ingredient (id, name, recipe_id, diet) VALUES (91, 'passierte Tomaten', NULL, 'vegan');
INSERT INTO ingredient (id, name, recipe_id, diet) VALUES (92, 'Zitronensaft', NULL, 'vegan');
INSERT INTO ingredient (id, name, recipe_id, diet) VALUES (93, 'Pinienkerne', NULL, 'vegan');
INSERT INTO ingredient (id, name, recipe_id, diet) VALUES (94, 'Risotto Reis', NULL, 'vegan');
INSERT INTO ingredient (id, name, recipe_id, diet) VALUES (96, 'Zitrone', NULL, 'vegan');
INSERT INTO ingredient (id, name, recipe_id, diet) VALUES (97, 'Weißwein', NULL, 'vegan');
INSERT INTO ingredient (id, name, recipe_id, diet) VALUES (98, 'Karotten', NULL, 'vegan');
INSERT INTO ingredient (id, name, recipe_id, diet) VALUES (100, 'Lasagneplatten', NULL, 'vegan');
INSERT INTO ingredient (id, name, recipe_id, diet) VALUES (101, 'Chilipulver', NULL, 'vegan');
INSERT INTO ingredient (id, name, recipe_id, diet) VALUES (102, 'Mais', NULL, 'vegan');
INSERT INTO ingredient (id, name, recipe_id, diet) VALUES (103, 'Tomatenstücke', NULL, 'vegan');
INSERT INTO ingredient (id, name, recipe_id, diet) VALUES (106, 'Mexikanische Gewürzmischung', NULL, 'vegan');
INSERT INTO ingredient (id, name, recipe_id, diet) VALUES (107, 'Kakaopulver', NULL, 'vegan');
INSERT INTO ingredient (id, name, recipe_id, diet) VALUES (108, 'grüne Currypaste', NULL, 'vegan');
INSERT INTO ingredient (id, name, recipe_id, diet) VALUES (109, 'Süßkartoffel', NULL, 'vegan');
INSERT INTO ingredient (id, name, recipe_id, diet) VALUES (110, 'Linsen', NULL, 'vegan');
INSERT INTO ingredient (id, name, recipe_id, diet) VALUES (111, 'Babyspinat', NULL, 'vegan');
INSERT INTO ingredient (id, name, recipe_id, diet) VALUES (113, 'Limette', NULL, 'vegan');
INSERT INTO ingredient (id, name, recipe_id, diet) VALUES (114, 'frische Hefe', NULL, 'vegan');
INSERT INTO ingredient (id, name, recipe_id, diet) VALUES (117, 'Hokkaidokürbis', NULL, 'vegan');
INSERT INTO ingredient (id, name, recipe_id, diet) VALUES (118, 'Schalotten', NULL, 'vegan');
INSERT INTO ingredient (id, name, recipe_id, diet) VALUES (119, 'Senfsaat', NULL, 'vegan');
INSERT INTO ingredient (id, name, recipe_id, diet) VALUES (120, 'Curryblätter', NULL, 'vegan');
INSERT INTO ingredient (id, name, recipe_id, diet) VALUES (121, 'Kurkuma', NULL, 'vegan');
INSERT INTO ingredient (id, name, recipe_id, diet) VALUES (122, 'Nudeln', NULL, 'vegan');
INSERT INTO ingredient (id, name, recipe_id, diet) VALUES (124, 'Tomaten', NULL, 'vegan');
INSERT INTO ingredient (id, name, recipe_id, diet) VALUES (125, 'Basilikum', NULL, 'vegan');
INSERT INTO ingredient (id, name, recipe_id, diet) VALUES (126, 'schwarze Bohnen', NULL, 'vegan');
INSERT INTO ingredient (id, name, recipe_id, diet) VALUES (128, 'Kreuzkümmel', NULL, 'vegan');
INSERT INTO ingredient (id, name, recipe_id, diet) VALUES (129, 'Smokey Paprika', NULL, 'vegan');
INSERT INTO ingredient (id, name, recipe_id, diet) VALUES (130, 'Majoran', NULL, 'vegan');
INSERT INTO ingredient (id, name, recipe_id, diet) VALUES (132, 'Hot Water ', NULL, 'vegan');
INSERT INTO ingredient (id, name, recipe_id, diet) VALUES (133, 'Wasser', NULL, 'vegan');
INSERT INTO ingredient (id, name, recipe_id, diet) VALUES (134, 'Shiitake Pilze', NULL, 'vegan');
INSERT INTO ingredient (id, name, recipe_id, diet) VALUES (135, 'Knoblauch', NULL, 'vegan');
INSERT INTO ingredient (id, name, recipe_id, diet) VALUES (137, 'Weißkohl', NULL, 'vegan');
INSERT INTO ingredient (id, name, recipe_id, diet) VALUES (138, 'Wirsing', NULL, 'vegan');
INSERT INTO ingredient (id, name, recipe_id, diet) VALUES (139, 'Portobello Pilze', NULL, 'vegan');
INSERT INTO ingredient (id, name, recipe_id, diet) VALUES (140, 'Öl', NULL, 'vegan');
INSERT INTO ingredient (id, name, recipe_id, diet) VALUES (141, 'Chunjang Bohnenpaste ', NULL, 'vegan');
INSERT INTO ingredient (id, name, recipe_id, diet) VALUES (144, 'Maisstärke', NULL, 'vegan');
INSERT INTO ingredient (id, name, recipe_id, diet) VALUES (147, 'Gurke', NULL, 'vegan');
INSERT INTO ingredient (id, name, recipe_id, diet) VALUES (148, 'Sesamöl', NULL, 'vegan');
INSERT INTO ingredient (id, name, recipe_id, diet) VALUES (149, 'Tamari', NULL, 'vegan');
INSERT INTO ingredient (id, name, recipe_id, diet) VALUES (150, 'Agavendicksaft', NULL, 'vegan');
INSERT INTO ingredient (id, name, recipe_id, diet) VALUES (151, 'Reisessig', NULL, 'vegan');
INSERT INTO ingredient (id, name, recipe_id, diet) VALUES (152, 'Tahini', NULL, 'vegan');
INSERT INTO ingredient (id, name, recipe_id, diet) VALUES (153, 'Miso Paste', NULL, 'vegan');
INSERT INTO ingredient (id, name, recipe_id, diet) VALUES (155, 'Schwarzkohl', NULL, 'vegan');
INSERT INTO ingredient (id, name, recipe_id, diet) VALUES (157, 'Räuchertofu', NULL, 'vegan');
INSERT INTO ingredient (id, name, recipe_id, diet) VALUES (159, 'Aubergine', NULL, 'vegan');
INSERT INTO ingredient (id, name, recipe_id, diet) VALUES (161, 'getrocknete Feigen', NULL, 'vegan');
INSERT INTO ingredient (id, name, recipe_id, diet) VALUES (163, 'Ras el Hanout', NULL, 'vegan');
INSERT INTO ingredient (id, name, recipe_id, diet) VALUES (165, 'Sesam', NULL, 'vegan');
INSERT INTO ingredient (id, name, recipe_id, diet) VALUES (167, 'Mais Tortillas', NULL, 'vegan');
INSERT INTO ingredient (id, name, recipe_id, diet) VALUES (169, 'Wasserkastanien', NULL, 'vegan');
INSERT INTO ingredient (id, name, recipe_id, diet) VALUES (174, 'Breite Bohnen', NULL, 'vegan');
INSERT INTO ingredient (id, name, recipe_id, diet) VALUES (178, 'Basmatireis', NULL, 'vegan');
INSERT INTO ingredient (id, name, recipe_id, diet) VALUES (180, 'Spitzkohl', NULL, 'vegan');
INSERT INTO ingredient (id, name, recipe_id, diet) VALUES (182, 'Cherry-Tomaten', NULL, 'vegan');
INSERT INTO ingredient (id, name, recipe_id, diet) VALUES (184, 'Senf', NULL, 'vegan');
INSERT INTO ingredient (id, name, recipe_id, diet) VALUES (186, 'Zuckerschoten', NULL, 'vegan');
INSERT INTO ingredient (id, name, recipe_id, diet) VALUES (189, 'Cashewnüsse ', NULL, 'vegan');
INSERT INTO ingredient (id, name, recipe_id, diet) VALUES (191, 'Maiskolben', NULL, 'vegan');
INSERT INTO ingredient (id, name, recipe_id, diet) VALUES (193, 'grüne Bohnen', NULL, 'vegan');
INSERT INTO ingredient (id, name, recipe_id, diet) VALUES (195, 'Puderzucker', NULL, 'vegan');
INSERT INTO ingredient (id, name, recipe_id, diet) VALUES (197, 'Reisnudeln', NULL, 'vegan');
INSERT INTO ingredient (id, name, recipe_id, diet) VALUES (199, 'Essig', NULL, 'vegan');
INSERT INTO ingredient (id, name, recipe_id, diet) VALUES (201, 'Erdnüsse', NULL, 'vegan');
INSERT INTO ingredient (id, name, recipe_id, diet) VALUES (203, 'Currypulver', NULL, 'vegan');
INSERT INTO ingredient (id, name, recipe_id, diet) VALUES (206, 'Reiswein', NULL, 'vegan');
INSERT INTO ingredient (id, name, recipe_id, diet) VALUES (209, 'Hafermilch', NULL, 'vegan');
INSERT INTO ingredient (id, name, recipe_id, diet) VALUES (211, 'dunkle Sojasauce', NULL, 'vegan');
INSERT INTO ingredient (id, name, recipe_id, diet) VALUES (212, 'Avocadoöl', NULL, 'vegan');

INSERT INTO recipe_ingredient (id, recipe_id, ingredient_id, amount, unit_id, index, section, extra_info) VALUES (72, 10, 90, 1, 1, 0, NULL, NULL);
INSERT INTO recipe_ingredient (id, recipe_id, ingredient_id, amount, unit_id, index, section, extra_info) VALUES (73, 10, 74, 100, 6, 1, NULL, NULL);
INSERT INTO recipe_ingredient (id, recipe_id, ingredient_id, amount, unit_id, index, section, extra_info) VALUES (74, 10, 1, 1, 1, 2, NULL, NULL);
INSERT INTO recipe_ingredient (id, recipe_id, ingredient_id, amount, unit_id, index, section, extra_info) VALUES (75, 10, 79, 100, 4, 3, NULL, NULL);
INSERT INTO recipe_ingredient (id, recipe_id, ingredient_id, amount, unit_id, index, section, extra_info) VALUES (76, 10, 10, 1, 1, 4, NULL, NULL);
INSERT INTO recipe_ingredient (id, recipe_id, ingredient_id, amount, unit_id, index, section, extra_info) VALUES (77, 10, 91, 400, 4, 5, NULL, NULL);
INSERT INTO recipe_ingredient (id, recipe_id, ingredient_id, amount, unit_id, index, section, extra_info) VALUES (16, 5, 2, 60, 4, 0, NULL, NULL);
INSERT INTO recipe_ingredient (id, recipe_id, ingredient_id, amount, unit_id, index, section, extra_info) VALUES (17, 5, 47, 1, 3, 1, NULL, NULL);
INSERT INTO recipe_ingredient (id, recipe_id, ingredient_id, amount, unit_id, index, section, extra_info) VALUES (18, 5, 48, 60, 4, 2, NULL, NULL);
INSERT INTO recipe_ingredient (id, recipe_id, ingredient_id, amount, unit_id, index, section, extra_info) VALUES (19, 5, 49, 175, 4, 3, NULL, NULL);
INSERT INTO recipe_ingredient (id, recipe_id, ingredient_id, amount, unit_id, index, section, extra_info) VALUES (20, 5, 50, 3, 2, 4, NULL, NULL);
INSERT INTO recipe_ingredient (id, recipe_id, ingredient_id, amount, unit_id, index, section, extra_info) VALUES (21, 5, 51, 3, 4, 5, NULL, NULL);
INSERT INTO recipe_ingredient (id, recipe_id, ingredient_id, amount, unit_id, index, section, extra_info) VALUES (78, 5, 2, 100, 4, 7, 'Für die Streusel', NULL);
INSERT INTO recipe_ingredient (id, recipe_id, ingredient_id, amount, unit_id, index, section, extra_info) VALUES (79, 5, 50, 100, 4, 8, 'Für die Streusel', NULL);
INSERT INTO recipe_ingredient (id, recipe_id, ingredient_id, amount, unit_id, index, section, extra_info) VALUES (80, 5, 47, 1, 3, 9, 'Für die Streusel', NULL);
INSERT INTO recipe_ingredient (id, recipe_id, ingredient_id, amount, unit_id, index, section, extra_info) VALUES (35, 7, 66, 250, 4, 0, NULL, NULL);
INSERT INTO recipe_ingredient (id, recipe_id, ingredient_id, amount, unit_id, index, section, extra_info) VALUES (38, 7, 10, 1, 1, 1, NULL, NULL);
INSERT INTO recipe_ingredient (id, recipe_id, ingredient_id, amount, unit_id, index, section, extra_info) VALUES (36, 7, 50, 60, 4, 2, NULL, NULL);
INSERT INTO recipe_ingredient (id, recipe_id, ingredient_id, amount, unit_id, index, section, extra_info) VALUES (37, 7, 52, 3, 1, 3, NULL, NULL);
INSERT INTO recipe_ingredient (id, recipe_id, ingredient_id, amount, unit_id, index, section, extra_info) VALUES (39, 7, 68, 125, 6, 4, NULL, NULL);
INSERT INTO recipe_ingredient (id, recipe_id, ingredient_id, amount, unit_id, index, section, extra_info) VALUES (44, 7, 70, 400, 4, 5, NULL, NULL);
INSERT INTO recipe_ingredient (id, recipe_id, ingredient_id, amount, unit_id, index, section, extra_info) VALUES (45, 7, 71, 100, 4, 6, NULL, NULL);
INSERT INTO recipe_ingredient (id, recipe_id, ingredient_id, amount, unit_id, index, section, extra_info) VALUES (43, 7, 65, 2, 2, 7, NULL, NULL);
INSERT INTO recipe_ingredient (id, recipe_id, ingredient_id, amount, unit_id, index, section, extra_info) VALUES (40, 7, 51, 1, 8, 8, NULL, NULL);
INSERT INTO recipe_ingredient (id, recipe_id, ingredient_id, amount, unit_id, index, section, extra_info) VALUES (46, 7, 69, 1, 8, 9, NULL, NULL);
INSERT INTO recipe_ingredient (id, recipe_id, ingredient_id, amount, unit_id, index, section, extra_info) VALUES (47, 7, 64, 1, 8, 10, NULL, NULL);
INSERT INTO recipe_ingredient (id, recipe_id, ingredient_id, amount, unit_id, index, section, extra_info) VALUES (62, 9, 10, 1, 1, 0, NULL, NULL);
INSERT INTO recipe_ingredient (id, recipe_id, ingredient_id, amount, unit_id, index, section, extra_info) VALUES (63, 9, 67, 1, 1, 1, NULL, NULL);
INSERT INTO recipe_ingredient (id, recipe_id, ingredient_id, amount, unit_id, index, section, extra_info) VALUES (64, 9, 1, 2, 1, 2, NULL, NULL);
INSERT INTO recipe_ingredient (id, recipe_id, ingredient_id, amount, unit_id, index, section, extra_info) VALUES (115, 13, 50, 1, 2, 1, 'Spinatfüllung', NULL);
INSERT INTO recipe_ingredient (id, recipe_id, ingredient_id, amount, unit_id, index, section, extra_info) VALUES (101, 13, 10, 2, 1, 2, 'Spinatfüllung', NULL);
INSERT INTO recipe_ingredient (id, recipe_id, ingredient_id, amount, unit_id, index, section, extra_info) VALUES (102, 13, 98, 3, 1, 3, 'Spinatfüllung', NULL);
INSERT INTO recipe_ingredient (id, recipe_id, ingredient_id, amount, unit_id, index, section, extra_info) VALUES (103, 13, 79, 8, 1, 4, 'Spinatfüllung', NULL);
INSERT INTO recipe_ingredient (id, recipe_id, ingredient_id, amount, unit_id, index, section, extra_info) VALUES (104, 13, 68, 5, 2, 5, 'Spinatfüllung', NULL);
INSERT INTO recipe_ingredient (id, recipe_id, ingredient_id, amount, unit_id, index, section, extra_info) VALUES (106, 13, 62, 1, 2, 6, 'Spinatfüllung', NULL);
INSERT INTO recipe_ingredient (id, recipe_id, ingredient_id, amount, unit_id, index, section, extra_info) VALUES (100, 13, 70, 600, 4, 7, 'Spinatfüllung', NULL);
INSERT INTO recipe_ingredient (id, recipe_id, ingredient_id, amount, unit_id, index, section, extra_info) VALUES (116, 13, 67, 1, 1, 8, 'Spinatfüllung', NULL);
INSERT INTO recipe_ingredient (id, recipe_id, ingredient_id, amount, unit_id, index, section, extra_info) VALUES (105, 13, 99, 100, 4, 9, 'Spinatfüllung', NULL);
INSERT INTO recipe_ingredient (id, recipe_id, ingredient_id, amount, unit_id, index, section, extra_info) VALUES (107, 13, 51, 1, 2, 10, 'Spinatfüllung', NULL);
INSERT INTO recipe_ingredient (id, recipe_id, ingredient_id, amount, unit_id, index, section, extra_info) VALUES (108, 13, 64, 1, 2, 11, 'Spinatfüllung', NULL);
INSERT INTO recipe_ingredient (id, recipe_id, ingredient_id, amount, unit_id, index, section, extra_info) VALUES (117, 13, 101, 1, 3, 12, 'Spinatfüllung', NULL);
INSERT INTO recipe_ingredient (id, recipe_id, ingredient_id, amount, unit_id, index, section, extra_info) VALUES (109, 13, 16, 3, 2, 14, 'Tomatensauce', NULL);
INSERT INTO recipe_ingredient (id, recipe_id, ingredient_id, amount, unit_id, index, section, extra_info) VALUES (110, 13, 3, 2, 2, 15, 'Tomatensauce', NULL);
INSERT INTO recipe_ingredient (id, recipe_id, ingredient_id, amount, unit_id, index, section, extra_info) VALUES (111, 13, 91, 500, 6, 16, 'Tomatensauce', NULL);
INSERT INTO recipe_ingredient (id, recipe_id, ingredient_id, amount, unit_id, index, section, extra_info) VALUES (81, 11, 1, 1, 1, 0, NULL, NULL);
INSERT INTO recipe_ingredient (id, recipe_id, ingredient_id, amount, unit_id, index, section, extra_info) VALUES (82, 11, 16, 1, 3, 1, NULL, NULL);
INSERT INTO recipe_ingredient (id, recipe_id, ingredient_id, amount, unit_id, index, section, extra_info) VALUES (83, 11, 67, 1, 1, 2, NULL, NULL);
INSERT INTO recipe_ingredient (id, recipe_id, ingredient_id, amount, unit_id, index, section, extra_info) VALUES (84, 11, 92, 1, 3, 3, NULL, NULL);
INSERT INTO recipe_ingredient (id, recipe_id, ingredient_id, amount, unit_id, index, section, extra_info) VALUES (85, 11, 51, 1, 8, 4, NULL, NULL);
INSERT INTO recipe_ingredient (id, recipe_id, ingredient_id, amount, unit_id, index, section, extra_info) VALUES (86, 11, 64, 1, 8, 5, NULL, NULL);
INSERT INTO recipe_ingredient (id, recipe_id, ingredient_id, amount, unit_id, index, section, extra_info) VALUES (87, 11, 89, 50, 4, 6, NULL, NULL);
INSERT INTO recipe_ingredient (id, recipe_id, ingredient_id, amount, unit_id, index, section, extra_info) VALUES (88, 11, 93, 1, 3, 7, NULL, NULL);
INSERT INTO recipe_ingredient (id, recipe_id, ingredient_id, amount, unit_id, index, section, extra_info) VALUES (89, 11, 6, 4, 1, 8, NULL, NULL);
INSERT INTO recipe_ingredient (id, recipe_id, ingredient_id, amount, unit_id, index, section, extra_info) VALUES (112, 13, 76, 100, 6, 17, 'Tomatensauce', NULL);
INSERT INTO recipe_ingredient (id, recipe_id, ingredient_id, amount, unit_id, index, section, extra_info) VALUES (118, 13, 67, 1, 1, 18, 'Tomatensauce', NULL);
INSERT INTO recipe_ingredient (id, recipe_id, ingredient_id, amount, unit_id, index, section, extra_info) VALUES (113, 13, 100, 8, 1, 20, 'Lasagne', NULL);
INSERT INTO recipe_ingredient (id, recipe_id, ingredient_id, amount, unit_id, index, section, extra_info) VALUES (114, 13, 71, 200, 4, 21, 'Lasagne', NULL);
INSERT INTO recipe_ingredient (id, recipe_id, ingredient_id, amount, unit_id, index, section, extra_info) VALUES (1, 3, 5, 200, 4, 0, NULL, NULL);
INSERT INTO recipe_ingredient (id, recipe_id, ingredient_id, amount, unit_id, index, section, extra_info) VALUES (141, 17, 114, 11, 4, 0, NULL, NULL);
INSERT INTO recipe_ingredient (id, recipe_id, ingredient_id, amount, unit_id, index, section, extra_info) VALUES (129, 16, 10, 1, 1, 0, NULL, NULL);
INSERT INTO recipe_ingredient (id, recipe_id, ingredient_id, amount, unit_id, index, section, extra_info) VALUES (130, 16, 67, 2, 1, 1, NULL, NULL);
INSERT INTO recipe_ingredient (id, recipe_id, ingredient_id, amount, unit_id, index, section, extra_info) VALUES (131, 16, 73, 1, 2, 2, NULL, NULL);
INSERT INTO recipe_ingredient (id, recipe_id, ingredient_id, amount, unit_id, index, section, extra_info) VALUES (132, 16, 108, 1, 2, 3, NULL, NULL);
INSERT INTO recipe_ingredient (id, recipe_id, ingredient_id, amount, unit_id, index, section, extra_info) VALUES (133, 16, 109, 1, 1, 4, NULL, NULL);
INSERT INTO recipe_ingredient (id, recipe_id, ingredient_id, amount, unit_id, index, section, extra_info) VALUES (134, 16, 110, 175, 4, 5, NULL, NULL);
INSERT INTO recipe_ingredient (id, recipe_id, ingredient_id, amount, unit_id, index, section, extra_info) VALUES (135, 16, 62, 1, 7, 6, NULL, NULL);
INSERT INTO recipe_ingredient (id, recipe_id, ingredient_id, amount, unit_id, index, section, extra_info) VALUES (148, 18, 117, 1, 1, 0, NULL, NULL);
INSERT INTO recipe_ingredient (id, recipe_id, ingredient_id, amount, unit_id, index, section, extra_info) VALUES (90, 12, 94, 200, 4, 0, NULL, NULL);
INSERT INTO recipe_ingredient (id, recipe_id, ingredient_id, amount, unit_id, index, section, extra_info) VALUES (91, 12, 60, 250, 4, 1, NULL, NULL);
INSERT INTO recipe_ingredient (id, recipe_id, ingredient_id, amount, unit_id, index, section, extra_info) VALUES (92, 12, 95, 80, 4, 2, NULL, NULL);
INSERT INTO recipe_ingredient (id, recipe_id, ingredient_id, amount, unit_id, index, section, extra_info) VALUES (93, 12, 93, 2, 2, 3, NULL, NULL);
INSERT INTO recipe_ingredient (id, recipe_id, ingredient_id, amount, unit_id, index, section, extra_info) VALUES (94, 12, 10, 2, 1, 4, NULL, NULL);
INSERT INTO recipe_ingredient (id, recipe_id, ingredient_id, amount, unit_id, index, section, extra_info) VALUES (95, 12, 96, 1, 1, 5, NULL, NULL);
INSERT INTO recipe_ingredient (id, recipe_id, ingredient_id, amount, unit_id, index, section, extra_info) VALUES (96, 12, 97, 125, 6, 6, NULL, NULL);
INSERT INTO recipe_ingredient (id, recipe_id, ingredient_id, amount, unit_id, index, section, extra_info) VALUES (97, 12, 51, 1, 8, 7, NULL, NULL);
INSERT INTO recipe_ingredient (id, recipe_id, ingredient_id, amount, unit_id, index, section, extra_info) VALUES (142, 17, 2, 0.5, 3, 1, NULL, NULL);
INSERT INTO recipe_ingredient (id, recipe_id, ingredient_id, amount, unit_id, index, section, extra_info) VALUES (143, 17, 68, 100, 6, 2, NULL, NULL);
INSERT INTO recipe_ingredient (id, recipe_id, ingredient_id, amount, unit_id, index, section, extra_info) VALUES (144, 17, 3, 250, 4, 3, NULL, NULL);
INSERT INTO recipe_ingredient (id, recipe_id, ingredient_id, amount, unit_id, index, section, extra_info) VALUES (145, 17, 115, 100, 4, 4, NULL, NULL);
INSERT INTO recipe_ingredient (id, recipe_id, ingredient_id, amount, unit_id, index, section, extra_info) VALUES (146, 17, 51, 0.5, 3, 5, NULL, NULL);
INSERT INTO recipe_ingredient (id, recipe_id, ingredient_id, amount, unit_id, index, section, extra_info) VALUES (147, 17, 55, 0.5, 3, 6, NULL, NULL);
INSERT INTO recipe_ingredient (id, recipe_id, ingredient_id, amount, unit_id, index, section, extra_info) VALUES (136, 16, 74, 200, 6, 7, NULL, NULL);
INSERT INTO recipe_ingredient (id, recipe_id, ingredient_id, amount, unit_id, index, section, extra_info) VALUES (137, 16, 111, 150, 4, 8, NULL, NULL);
INSERT INTO recipe_ingredient (id, recipe_id, ingredient_id, amount, unit_id, index, section, extra_info) VALUES (119, 15, 102, 200, 4, 0, NULL, NULL);
INSERT INTO recipe_ingredient (id, recipe_id, ingredient_id, amount, unit_id, index, section, extra_info) VALUES (120, 15, 10, 1, 1, 1, NULL, NULL);
INSERT INTO recipe_ingredient (id, recipe_id, ingredient_id, amount, unit_id, index, section, extra_info) VALUES (121, 15, 103, 400, 4, 2, NULL, NULL);
INSERT INTO recipe_ingredient (id, recipe_id, ingredient_id, amount, unit_id, index, section, extra_info) VALUES (122, 15, 105, 400, 4, 3, NULL, NULL);
INSERT INTO recipe_ingredient (id, recipe_id, ingredient_id, amount, unit_id, index, section, extra_info) VALUES (123, 15, 98, 3, 1, 4, NULL, NULL);
INSERT INTO recipe_ingredient (id, recipe_id, ingredient_id, amount, unit_id, index, section, extra_info) VALUES (124, 15, 78, 1, 1, 5, NULL, NULL);
INSERT INTO recipe_ingredient (id, recipe_id, ingredient_id, amount, unit_id, index, section, extra_info) VALUES (125, 15, 65, 1, 2, 6, NULL, NULL);
INSERT INTO recipe_ingredient (id, recipe_id, ingredient_id, amount, unit_id, index, section, extra_info) VALUES (126, 15, 106, 1, 3, 7, NULL, NULL);
INSERT INTO recipe_ingredient (id, recipe_id, ingredient_id, amount, unit_id, index, section, extra_info) VALUES (127, 15, 107, 1, 3, 8, NULL, NULL);
INSERT INTO recipe_ingredient (id, recipe_id, ingredient_id, amount, unit_id, index, section, extra_info) VALUES (128, 15, 62, 1, 2, 9, NULL, NULL);
INSERT INTO recipe_ingredient (id, recipe_id, ingredient_id, amount, unit_id, index, section, extra_info) VALUES (4, 3, 6, 5, 1, 1, NULL, NULL);
INSERT INTO recipe_ingredient (id, recipe_id, ingredient_id, amount, unit_id, index, section, extra_info) VALUES (10, 3, 4, 2, 1, 2, NULL, NULL);
INSERT INTO recipe_ingredient (id, recipe_id, ingredient_id, amount, unit_id, index, section, extra_info) VALUES (11, 3, 14, 1, 3, 3, NULL, NULL);
INSERT INTO recipe_ingredient (id, recipe_id, ingredient_id, amount, unit_id, index, section, extra_info) VALUES (12, 3, 15, 1, 3, 4, NULL, NULL);
INSERT INTO recipe_ingredient (id, recipe_id, ingredient_id, amount, unit_id, index, section, extra_info) VALUES (13, 3, 16, 1, 2, 5, NULL, NULL);
INSERT INTO recipe_ingredient (id, recipe_id, ingredient_id, amount, unit_id, index, section, extra_info) VALUES (14, 3, 17, 50, 4, 6, NULL, NULL);
INSERT INTO recipe_ingredient (id, recipe_id, ingredient_id, amount, unit_id, index, section, extra_info) VALUES (15, 3, 18, 100, 4, 7, NULL, NULL);
INSERT INTO recipe_ingredient (id, recipe_id, ingredient_id, amount, unit_id, index, section, extra_info) VALUES (24, 6, 57, 200, 4, 0, NULL, NULL);
INSERT INTO recipe_ingredient (id, recipe_id, ingredient_id, amount, unit_id, index, section, extra_info) VALUES (25, 6, 58, 200, 4, 1, NULL, NULL);
INSERT INTO recipe_ingredient (id, recipe_id, ingredient_id, amount, unit_id, index, section, extra_info) VALUES (26, 6, 50, 50, 4, 2, NULL, NULL);
INSERT INTO recipe_ingredient (id, recipe_id, ingredient_id, amount, unit_id, index, section, extra_info) VALUES (27, 6, 59, 2, 1, 3, NULL, NULL);
INSERT INTO recipe_ingredient (id, recipe_id, ingredient_id, amount, unit_id, index, section, extra_info) VALUES (28, 6, 60, 8, 1, 4, NULL, NULL);
INSERT INTO recipe_ingredient (id, recipe_id, ingredient_id, amount, unit_id, index, section, extra_info) VALUES (29, 6, 61, 10, 1, 5, NULL, NULL);
INSERT INTO recipe_ingredient (id, recipe_id, ingredient_id, amount, unit_id, index, section, extra_info) VALUES (30, 6, 62, 100, 6, 6, NULL, NULL);
INSERT INTO recipe_ingredient (id, recipe_id, ingredient_id, amount, unit_id, index, section, extra_info) VALUES (31, 6, 63, 150, 6, 7, NULL, NULL);
INSERT INTO recipe_ingredient (id, recipe_id, ingredient_id, amount, unit_id, index, section, extra_info) VALUES (32, 6, 51, 1, 8, 8, NULL, NULL);
INSERT INTO recipe_ingredient (id, recipe_id, ingredient_id, amount, unit_id, index, section, extra_info) VALUES (48, 8, 72, 1, 9, 0, NULL, NULL);
INSERT INTO recipe_ingredient (id, recipe_id, ingredient_id, amount, unit_id, index, section, extra_info) VALUES (49, 8, 73, 1, 1, 1, NULL, NULL);
INSERT INTO recipe_ingredient (id, recipe_id, ingredient_id, amount, unit_id, index, section, extra_info) VALUES (50, 8, 62, 800, 6, 2, NULL, NULL);
INSERT INTO recipe_ingredient (id, recipe_id, ingredient_id, amount, unit_id, index, section, extra_info) VALUES (51, 8, 74, 200, 6, 3, NULL, NULL);
INSERT INTO recipe_ingredient (id, recipe_id, ingredient_id, amount, unit_id, index, section, extra_info) VALUES (52, 8, 76, 3, 2, 4, NULL, NULL);
INSERT INTO recipe_ingredient (id, recipe_id, ingredient_id, amount, unit_id, index, section, extra_info) VALUES (53, 8, 77, 2, 3, 5, NULL, NULL);
INSERT INTO recipe_ingredient (id, recipe_id, ingredient_id, amount, unit_id, index, section, extra_info) VALUES (54, 8, 78, 1, 1, 6, NULL, NULL);
INSERT INTO recipe_ingredient (id, recipe_id, ingredient_id, amount, unit_id, index, section, extra_info) VALUES (55, 8, 79, 150, 4, 7, NULL, NULL);
INSERT INTO recipe_ingredient (id, recipe_id, ingredient_id, amount, unit_id, index, section, extra_info) VALUES (56, 8, 80, 1, 1, 8, NULL, NULL);
INSERT INTO recipe_ingredient (id, recipe_id, ingredient_id, amount, unit_id, index, section, extra_info) VALUES (57, 8, 81, 1, 1, 9, NULL, NULL);
INSERT INTO recipe_ingredient (id, recipe_id, ingredient_id, amount, unit_id, index, section, extra_info) VALUES (58, 8, 82, 1, 1, 10, NULL, NULL);
INSERT INTO recipe_ingredient (id, recipe_id, ingredient_id, amount, unit_id, index, section, extra_info) VALUES (65, 9, 85, 125, 4, 3, NULL, NULL);
INSERT INTO recipe_ingredient (id, recipe_id, ingredient_id, amount, unit_id, index, section, extra_info) VALUES (66, 9, 62, 500, 6, 4, NULL, NULL);
INSERT INTO recipe_ingredient (id, recipe_id, ingredient_id, amount, unit_id, index, section, extra_info) VALUES (67, 9, 86, 2, 2, 5, NULL, NULL);
INSERT INTO recipe_ingredient (id, recipe_id, ingredient_id, amount, unit_id, index, section, extra_info) VALUES (68, 9, 87, 1, 8, 6, NULL, NULL);
INSERT INTO recipe_ingredient (id, recipe_id, ingredient_id, amount, unit_id, index, section, extra_info) VALUES (69, 9, 64, 1, 8, 7, NULL, NULL);
INSERT INTO recipe_ingredient (id, recipe_id, ingredient_id, amount, unit_id, index, section, extra_info) VALUES (70, 9, 88, 1, 3, 8, NULL, NULL);
INSERT INTO recipe_ingredient (id, recipe_id, ingredient_id, amount, unit_id, index, section, extra_info) VALUES (71, 9, 89, 200, 4, 9, NULL, NULL);
INSERT INTO recipe_ingredient (id, recipe_id, ingredient_id, amount, unit_id, index, section, extra_info) VALUES (149, 18, 73, 4, 10, 1, NULL, NULL);
INSERT INTO recipe_ingredient (id, recipe_id, ingredient_id, amount, unit_id, index, section, extra_info) VALUES (150, 18, 118, 4, 1, 2, NULL, NULL);
INSERT INTO recipe_ingredient (id, recipe_id, ingredient_id, amount, unit_id, index, section, extra_info) VALUES (151, 18, 67, 4, 1, 3, NULL, NULL);
INSERT INTO recipe_ingredient (id, recipe_id, ingredient_id, amount, unit_id, index, section, extra_info) VALUES (152, 18, 82, 1, 1, 4, NULL, NULL);
INSERT INTO recipe_ingredient (id, recipe_id, ingredient_id, amount, unit_id, index, section, extra_info) VALUES (153, 18, 84, 1, 9, 5, NULL, NULL);
INSERT INTO recipe_ingredient (id, recipe_id, ingredient_id, amount, unit_id, index, section, extra_info) VALUES (182, 21, 133, 250, 6, 1, 'Shiitake Pilz Brühe ', NULL);
INSERT INTO recipe_ingredient (id, recipe_id, ingredient_id, amount, unit_id, index, section, extra_info) VALUES (183, 21, 134, 5, 1, 2, 'Shiitake Pilz Brühe ', NULL);
INSERT INTO recipe_ingredient (id, recipe_id, ingredient_id, amount, unit_id, index, section, extra_info) VALUES (184, 21, 67, 4, 1, 4, 'Gemüse ', NULL);
INSERT INTO recipe_ingredient (id, recipe_id, ingredient_id, amount, unit_id, index, section, extra_info) VALUES (185, 21, 73, 1, 3, 5, 'Gemüse ', NULL);
INSERT INTO recipe_ingredient (id, recipe_id, ingredient_id, amount, unit_id, index, section, extra_info) VALUES (186, 21, 72, 3, 1, 6, 'Gemüse ', NULL);
INSERT INTO recipe_ingredient (id, recipe_id, ingredient_id, amount, unit_id, index, section, extra_info) VALUES (187, 21, 10, 1, 1, 7, 'Gemüse ', NULL);
INSERT INTO recipe_ingredient (id, recipe_id, ingredient_id, amount, unit_id, index, section, extra_info) VALUES (188, 21, 138, 0.25, 1, 8, 'Gemüse ', NULL);
INSERT INTO recipe_ingredient (id, recipe_id, ingredient_id, amount, unit_id, index, section, extra_info) VALUES (189, 21, 1, 1, 1, 9, 'Gemüse ', NULL);
INSERT INTO recipe_ingredient (id, recipe_id, ingredient_id, amount, unit_id, index, section, extra_info) VALUES (190, 21, 139, 5, 1, 10, 'Gemüse ', NULL);
INSERT INTO recipe_ingredient (id, recipe_id, ingredient_id, amount, unit_id, index, section, extra_info) VALUES (191, 21, 140, 2, 3, 12, 'Stir Fry', NULL);
INSERT INTO recipe_ingredient (id, recipe_id, ingredient_id, amount, unit_id, index, section, extra_info) VALUES (192, 21, 141, 80, 6, 13, 'Stir Fry', NULL);
INSERT INTO recipe_ingredient (id, recipe_id, ingredient_id, amount, unit_id, index, section, extra_info) VALUES (193, 21, 2, 1, 3, 14, 'Stir Fry', NULL);
INSERT INTO recipe_ingredient (id, recipe_id, ingredient_id, amount, unit_id, index, section, extra_info) VALUES (194, 21, 143, 2, 3, 15, 'Stir Fry', NULL);
INSERT INTO recipe_ingredient (id, recipe_id, ingredient_id, amount, unit_id, index, section, extra_info) VALUES (195, 21, 144, 1, 3, 16, 'Stir Fry', NULL);
INSERT INTO recipe_ingredient (id, recipe_id, ingredient_id, amount, unit_id, index, section, extra_info) VALUES (196, 21, 64, 1, 1, 17, 'Stir Fry', NULL);
INSERT INTO recipe_ingredient (id, recipe_id, ingredient_id, amount, unit_id, index, section, extra_info) VALUES (154, 18, 119, 1, 3, 6, NULL, NULL);
INSERT INTO recipe_ingredient (id, recipe_id, ingredient_id, amount, unit_id, index, section, extra_info) VALUES (155, 18, 120, 20, 1, 7, NULL, NULL);
INSERT INTO recipe_ingredient (id, recipe_id, ingredient_id, amount, unit_id, index, section, extra_info) VALUES (156, 18, 121, 1, 3, 8, NULL, NULL);
INSERT INTO recipe_ingredient (id, recipe_id, ingredient_id, amount, unit_id, index, section, extra_info) VALUES (157, 18, 103, 400, 4, 9, NULL, NULL);
INSERT INTO recipe_ingredient (id, recipe_id, ingredient_id, amount, unit_id, index, section, extra_info) VALUES (158, 18, 74, 600, 6, 10, NULL, NULL);
INSERT INTO recipe_ingredient (id, recipe_id, ingredient_id, amount, unit_id, index, section, extra_info) VALUES (159, 18, 5, 800, 4, 11, NULL, NULL);
INSERT INTO recipe_ingredient (id, recipe_id, ingredient_id, amount, unit_id, index, section, extra_info) VALUES (160, 18, 70, 200, 4, 12, NULL, NULL);
INSERT INTO recipe_ingredient (id, recipe_id, ingredient_id, amount, unit_id, index, section, extra_info) VALUES (138, 16, 112, 1, 3, 9, NULL, NULL);
INSERT INTO recipe_ingredient (id, recipe_id, ingredient_id, amount, unit_id, index, section, extra_info) VALUES (139, 16, 84, 1, 3, 10, NULL, NULL);
INSERT INTO recipe_ingredient (id, recipe_id, ingredient_id, amount, unit_id, index, section, extra_info) VALUES (140, 16, 113, 1, 1, 11, NULL, NULL);
INSERT INTO recipe_ingredient (id, recipe_id, ingredient_id, amount, unit_id, index, section, extra_info) VALUES (33, 6, 64, 1, 8, 9, NULL, NULL);
INSERT INTO recipe_ingredient (id, recipe_id, ingredient_id, amount, unit_id, index, section, extra_info) VALUES (34, 6, 65, 1, 9, 10, NULL, NULL);
INSERT INTO recipe_ingredient (id, recipe_id, ingredient_id, amount, unit_id, index, section, extra_info) VALUES (59, 8, 83, 125, 4, 11, NULL, NULL);
INSERT INTO recipe_ingredient (id, recipe_id, ingredient_id, amount, unit_id, index, section, extra_info) VALUES (60, 8, 84, 1, 2, 12, NULL, NULL);
INSERT INTO recipe_ingredient (id, recipe_id, ingredient_id, amount, unit_id, index, section, extra_info) VALUES (61, 8, 52, 2, 1, 13, NULL, NULL);
INSERT INTO recipe_ingredient (id, recipe_id, ingredient_id, amount, unit_id, index, section, extra_info) VALUES (98, 12, 64, 1, 8, 8, NULL, NULL);
INSERT INTO recipe_ingredient (id, recipe_id, ingredient_id, amount, unit_id, index, section, extra_info) VALUES (99, 12, 2, 1, 8, 9, NULL, NULL);
INSERT INTO recipe_ingredient (id, recipe_id, ingredient_id, amount, unit_id, index, section, extra_info) VALUES (197, 21, 146, 100, 4, 19, 'Anrichten ', NULL);
INSERT INTO recipe_ingredient (id, recipe_id, ingredient_id, amount, unit_id, index, section, extra_info) VALUES (198, 21, 147, 1, 1, 20, 'Anrichten ', NULL);
INSERT INTO recipe_ingredient (id, recipe_id, ingredient_id, amount, unit_id, index, section, extra_info) VALUES (218, 24, 158, 200, 4, 0, NULL, NULL);
INSERT INTO recipe_ingredient (id, recipe_id, ingredient_id, amount, unit_id, index, section, extra_info) VALUES (219, 24, 159, 1, 1, 1, NULL, 'klein');
INSERT INTO recipe_ingredient (id, recipe_id, ingredient_id, amount, unit_id, index, section, extra_info) VALUES (220, 24, 1, 1, 1, 2, NULL, 'klein');
INSERT INTO recipe_ingredient (id, recipe_id, ingredient_id, amount, unit_id, index, section, extra_info) VALUES (221, 24, 124, 6, 1, 3, NULL, NULL);
INSERT INTO recipe_ingredient (id, recipe_id, ingredient_id, amount, unit_id, index, section, extra_info) VALUES (222, 24, 78, 1, 1, 4, NULL, NULL);
INSERT INTO recipe_ingredient (id, recipe_id, ingredient_id, amount, unit_id, index, section, extra_info) VALUES (223, 24, 10, 2, 1, 5, NULL, NULL);
INSERT INTO recipe_ingredient (id, recipe_id, ingredient_id, amount, unit_id, index, section, extra_info) VALUES (209, 23, 127, 240, 4, 0, NULL, NULL);
INSERT INTO recipe_ingredient (id, recipe_id, ingredient_id, amount, unit_id, index, section, extra_info) VALUES (210, 23, 155, 200, 4, 2, 'Für den Kohl', NULL);
INSERT INTO recipe_ingredient (id, recipe_id, ingredient_id, amount, unit_id, index, section, extra_info) VALUES (211, 23, 149, 1, 2, 3, 'Für den Kohl', NULL);
INSERT INTO recipe_ingredient (id, recipe_id, ingredient_id, amount, unit_id, index, section, extra_info) VALUES (212, 23, 156, 2, 2, 4, 'Für den Kohl', NULL);
INSERT INTO recipe_ingredient (id, recipe_id, ingredient_id, amount, unit_id, index, section, extra_info) VALUES (213, 23, 17, 200, 4, 6, 'Für die Bowl', NULL);
INSERT INTO recipe_ingredient (id, recipe_id, ingredient_id, amount, unit_id, index, section, extra_info) VALUES (214, 23, 78, 1, 1, 7, 'Für die Bowl', NULL);
INSERT INTO recipe_ingredient (id, recipe_id, ingredient_id, amount, unit_id, index, section, extra_info) VALUES (215, 23, 98, 2, 1, 8, 'Für die Bowl', NULL);
INSERT INTO recipe_ingredient (id, recipe_id, ingredient_id, amount, unit_id, index, section, extra_info) VALUES (216, 23, 157, 200, 4, 9, 'Für die Bowl', NULL);
INSERT INTO recipe_ingredient (id, recipe_id, ingredient_id, amount, unit_id, index, section, extra_info) VALUES (217, 23, 154, 1, 1, 11, 'Dressing', NULL);
INSERT INTO recipe_ingredient (id, recipe_id, ingredient_id, amount, unit_id, index, section, extra_info) VALUES (224, 24, 160, 80, 4, 6, NULL, NULL);
INSERT INTO recipe_ingredient (id, recipe_id, ingredient_id, amount, unit_id, index, section, extra_info) VALUES (225, 24, 67, 2, 1, 7, NULL, NULL);
INSERT INTO recipe_ingredient (id, recipe_id, ingredient_id, amount, unit_id, index, section, extra_info) VALUES (226, 24, 65, 0.5, 9, 8, NULL, NULL);
INSERT INTO recipe_ingredient (id, recipe_id, ingredient_id, amount, unit_id, index, section, extra_info) VALUES (228, 24, 162, 1, 2, 9, NULL, NULL);
INSERT INTO recipe_ingredient (id, recipe_id, ingredient_id, amount, unit_id, index, section, extra_info) VALUES (227, 24, 161, 5, 1, 10, NULL, NULL);
INSERT INTO recipe_ingredient (id, recipe_id, ingredient_id, amount, unit_id, index, section, extra_info) VALUES (229, 24, 16, 1, 2, 11, NULL, NULL);
INSERT INTO recipe_ingredient (id, recipe_id, ingredient_id, amount, unit_id, index, section, extra_info) VALUES (230, 24, 51, 0.5, 3, 12, NULL, NULL);
INSERT INTO recipe_ingredient (id, recipe_id, ingredient_id, amount, unit_id, index, section, extra_info) VALUES (231, 24, 163, 2, 2, 13, NULL, NULL);
INSERT INTO recipe_ingredient (id, recipe_id, ingredient_id, amount, unit_id, index, section, extra_info) VALUES (199, 22, 67, 2, 1, 0, NULL, NULL);
INSERT INTO recipe_ingredient (id, recipe_id, ingredient_id, amount, unit_id, index, section, extra_info) VALUES (200, 22, 148, 1, 3, 1, NULL, NULL);
INSERT INTO recipe_ingredient (id, recipe_id, ingredient_id, amount, unit_id, index, section, extra_info) VALUES (201, 22, 149, 1, 2, 2, NULL, NULL);
INSERT INTO recipe_ingredient (id, recipe_id, ingredient_id, amount, unit_id, index, section, extra_info) VALUES (202, 22, 150, 1, 2, 3, NULL, NULL);
INSERT INTO recipe_ingredient (id, recipe_id, ingredient_id, amount, unit_id, index, section, extra_info) VALUES (203, 22, 151, 1, 2, 4, NULL, NULL);
INSERT INTO recipe_ingredient (id, recipe_id, ingredient_id, amount, unit_id, index, section, extra_info) VALUES (166, 20, 127, 150, 4, 0, NULL, NULL);
INSERT INTO recipe_ingredient (id, recipe_id, ingredient_id, amount, unit_id, index, section, extra_info) VALUES (167, 20, 10, 1, 1, 1, NULL, NULL);
INSERT INTO recipe_ingredient (id, recipe_id, ingredient_id, amount, unit_id, index, section, extra_info) VALUES (168, 20, 67, 2, 1, 2, NULL, NULL);
INSERT INTO recipe_ingredient (id, recipe_id, ingredient_id, amount, unit_id, index, section, extra_info) VALUES (169, 20, 78, 2, 1, 3, NULL, NULL);
INSERT INTO recipe_ingredient (id, recipe_id, ingredient_id, amount, unit_id, index, section, extra_info) VALUES (170, 20, 126, 400, 4, 4, NULL, NULL);
INSERT INTO recipe_ingredient (id, recipe_id, ingredient_id, amount, unit_id, index, section, extra_info) VALUES (171, 20, 102, 200, 4, 5, NULL, NULL);
INSERT INTO recipe_ingredient (id, recipe_id, ingredient_id, amount, unit_id, index, section, extra_info) VALUES (172, 20, 86, 3, 2, 6, NULL, NULL);
INSERT INTO recipe_ingredient (id, recipe_id, ingredient_id, amount, unit_id, index, section, extra_info) VALUES (173, 20, 62, 150, 6, 7, NULL, NULL);
INSERT INTO recipe_ingredient (id, recipe_id, ingredient_id, amount, unit_id, index, section, extra_info) VALUES (174, 20, 101, 1, 3, 8, NULL, NULL);
INSERT INTO recipe_ingredient (id, recipe_id, ingredient_id, amount, unit_id, index, section, extra_info) VALUES (175, 20, 106, 1, 3, 9, NULL, NULL);
INSERT INTO recipe_ingredient (id, recipe_id, ingredient_id, amount, unit_id, index, section, extra_info) VALUES (176, 20, 128, 0.5, 3, 10, NULL, NULL);
INSERT INTO recipe_ingredient (id, recipe_id, ingredient_id, amount, unit_id, index, section, extra_info) VALUES (177, 20, 129, 1, 3, 11, NULL, NULL);
INSERT INTO recipe_ingredient (id, recipe_id, ingredient_id, amount, unit_id, index, section, extra_info) VALUES (178, 20, 130, 1, 3, 12, NULL, NULL);
INSERT INTO recipe_ingredient (id, recipe_id, ingredient_id, amount, unit_id, index, section, extra_info) VALUES (179, 20, 72, 1, 1, 13, NULL, NULL);
INSERT INTO recipe_ingredient (id, recipe_id, ingredient_id, amount, unit_id, index, section, extra_info) VALUES (180, 20, 123, 150, 4, 14, NULL, NULL);
INSERT INTO recipe_ingredient (id, recipe_id, ingredient_id, amount, unit_id, index, section, extra_info) VALUES (181, 20, 84, 1, 2, 15, NULL, NULL);
INSERT INTO recipe_ingredient (id, recipe_id, ingredient_id, amount, unit_id, index, section, extra_info) VALUES (161, 19, 122, 200, 4, 0, NULL, NULL);
INSERT INTO recipe_ingredient (id, recipe_id, ingredient_id, amount, unit_id, index, section, extra_info) VALUES (162, 19, 10, 1, 1, 1, NULL, NULL);
INSERT INTO recipe_ingredient (id, recipe_id, ingredient_id, amount, unit_id, index, section, extra_info) VALUES (163, 19, 123, 125, 4, 2, NULL, NULL);
INSERT INTO recipe_ingredient (id, recipe_id, ingredient_id, amount, unit_id, index, section, extra_info) VALUES (164, 19, 124, 100, 4, 3, NULL, NULL);
INSERT INTO recipe_ingredient (id, recipe_id, ingredient_id, amount, unit_id, index, section, extra_info) VALUES (165, 19, 125, 1, 9, 4, NULL, NULL);
INSERT INTO recipe_ingredient (id, recipe_id, ingredient_id, amount, unit_id, index, section, extra_info) VALUES (204, 22, 152, 4, 2, 5, NULL, NULL);
INSERT INTO recipe_ingredient (id, recipe_id, ingredient_id, amount, unit_id, index, section, extra_info) VALUES (205, 22, 153, 1, 2, 6, NULL, NULL);
INSERT INTO recipe_ingredient (id, recipe_id, ingredient_id, amount, unit_id, index, section, extra_info) VALUES (206, 22, 73, 2, 3, 7, NULL, NULL);
INSERT INTO recipe_ingredient (id, recipe_id, ingredient_id, amount, unit_id, index, section, extra_info) VALUES (207, 22, 133, 80, 6, 8, NULL, NULL);
INSERT INTO recipe_ingredient (id, recipe_id, ingredient_id, amount, unit_id, index, section, extra_info) VALUES (208, 22, 82, 1, 1, 9, NULL, 'nach Bedarf, eher wenig');
INSERT INTO recipe_ingredient (id, recipe_id, ingredient_id, amount, unit_id, index, section, extra_info) VALUES (232, 25, 160, 250, 4, 0, NULL, NULL);
INSERT INTO recipe_ingredient (id, recipe_id, ingredient_id, amount, unit_id, index, section, extra_info) VALUES (233, 25, 10, 2, 1, 1, NULL, NULL);
INSERT INTO recipe_ingredient (id, recipe_id, ingredient_id, amount, unit_id, index, section, extra_info) VALUES (234, 25, 67, 2, 1, 2, NULL, NULL);
INSERT INTO recipe_ingredient (id, recipe_id, ingredient_id, amount, unit_id, index, section, extra_info) VALUES (235, 25, 73, 1, 1, 3, NULL, NULL);
INSERT INTO recipe_ingredient (id, recipe_id, ingredient_id, amount, unit_id, index, section, extra_info) VALUES (236, 25, 164, 250, 4, 4, NULL, NULL);
INSERT INTO recipe_ingredient (id, recipe_id, ingredient_id, amount, unit_id, index, section, extra_info) VALUES (237, 25, 50, 2, 2, 5, NULL, NULL);
INSERT INTO recipe_ingredient (id, recipe_id, ingredient_id, amount, unit_id, index, section, extra_info) VALUES (238, 25, 165, 2, 2, 6, NULL, NULL);
INSERT INTO recipe_ingredient (id, recipe_id, ingredient_id, amount, unit_id, index, section, extra_info) VALUES (239, 25, 128, 1, 3, 7, NULL, NULL);
INSERT INTO recipe_ingredient (id, recipe_id, ingredient_id, amount, unit_id, index, section, extra_info) VALUES (240, 25, 121, 0.5, 3, 8, NULL, NULL);
INSERT INTO recipe_ingredient (id, recipe_id, ingredient_id, amount, unit_id, index, section, extra_info) VALUES (241, 25, 74, 250, 6, 9, NULL, NULL);
INSERT INTO recipe_ingredient (id, recipe_id, ingredient_id, amount, unit_id, index, section, extra_info) VALUES (242, 25, 62, 500, 6, 10, NULL, NULL);
INSERT INTO recipe_ingredient (id, recipe_id, ingredient_id, amount, unit_id, index, section, extra_info) VALUES (243, 25, 51, 4, 4, 11, NULL, NULL);
INSERT INTO recipe_ingredient (id, recipe_id, ingredient_id, amount, unit_id, index, section, extra_info) VALUES (244, 25, 92, 2, 2, 12, NULL, NULL);
INSERT INTO recipe_ingredient (id, recipe_id, ingredient_id, amount, unit_id, index, section, extra_info) VALUES (245, 26, 166, 350, 4, 0, NULL, 'TK');
INSERT INTO recipe_ingredient (id, recipe_id, ingredient_id, amount, unit_id, index, section, extra_info) VALUES (246, 26, 16, 3, 2, 1, NULL, NULL);
INSERT INTO recipe_ingredient (id, recipe_id, ingredient_id, amount, unit_id, index, section, extra_info) VALUES (247, 26, 67, 1, 1, 2, NULL, NULL);
INSERT INTO recipe_ingredient (id, recipe_id, ingredient_id, amount, unit_id, index, section, extra_info) VALUES (248, 26, 113, 1, 1, 3, NULL, NULL);
INSERT INTO recipe_ingredient (id, recipe_id, ingredient_id, amount, unit_id, index, section, extra_info) VALUES (249, 26, 51, 4, 4, 4, NULL, NULL);
INSERT INTO recipe_ingredient (id, recipe_id, ingredient_id, amount, unit_id, index, section, extra_info) VALUES (250, 26, 64, 4, 4, 5, NULL, NULL);
INSERT INTO recipe_ingredient (id, recipe_id, ingredient_id, amount, unit_id, index, section, extra_info) VALUES (251, 26, 124, 2, 1, 6, NULL, NULL);
INSERT INTO recipe_ingredient (id, recipe_id, ingredient_id, amount, unit_id, index, section, extra_info) VALUES (252, 26, 59, 1, 1, 7, NULL, 'klein');
INSERT INTO recipe_ingredient (id, recipe_id, ingredient_id, amount, unit_id, index, section, extra_info) VALUES (253, 26, 82, 1, 1, 8, NULL, 'optional');
INSERT INTO recipe_ingredient (id, recipe_id, ingredient_id, amount, unit_id, index, section, extra_info) VALUES (254, 26, 84, 1, 9, 9, NULL, NULL);
INSERT INTO recipe_ingredient (id, recipe_id, ingredient_id, amount, unit_id, index, section, extra_info) VALUES (255, 27, 167, 4, 1, 0, NULL, NULL);
INSERT INTO recipe_ingredient (id, recipe_id, ingredient_id, amount, unit_id, index, section, extra_info) VALUES (256, 27, 126, 100, 4, 1, NULL, 'getrocknet');
INSERT INTO recipe_ingredient (id, recipe_id, ingredient_id, amount, unit_id, index, section, extra_info) VALUES (257, 27, 92, 1, 2, 2, NULL, NULL);
INSERT INTO recipe_ingredient (id, recipe_id, ingredient_id, amount, unit_id, index, section, extra_info) VALUES (258, 27, 10, 1, 1, 3, NULL, NULL);
INSERT INTO recipe_ingredient (id, recipe_id, ingredient_id, amount, unit_id, index, section, extra_info) VALUES (259, 27, 67, 1, 1, 4, NULL, NULL);
INSERT INTO recipe_ingredient (id, recipe_id, ingredient_id, amount, unit_id, index, section, extra_info) VALUES (260, 27, 128, 1, 3, 5, NULL, NULL);
INSERT INTO recipe_ingredient (id, recipe_id, ingredient_id, amount, unit_id, index, section, extra_info) VALUES (261, 27, 51, 4, 4, 6, NULL, NULL);
INSERT INTO recipe_ingredient (id, recipe_id, ingredient_id, amount, unit_id, index, section, extra_info) VALUES (262, 27, 64, 4, 4, 7, NULL, NULL);
INSERT INTO recipe_ingredient (id, recipe_id, ingredient_id, amount, unit_id, index, section, extra_info) VALUES (263, 27, 12, 1, 1, 8, NULL, 'Romana');
INSERT INTO recipe_ingredient (id, recipe_id, ingredient_id, amount, unit_id, index, section, extra_info) VALUES (264, 27, 72, 1, 1, 9, NULL, NULL);
INSERT INTO recipe_ingredient (id, recipe_id, ingredient_id, amount, unit_id, index, section, extra_info) VALUES (265, 27, 124, 1, 1, 10, NULL, NULL);
INSERT INTO recipe_ingredient (id, recipe_id, ingredient_id, amount, unit_id, index, section, extra_info) VALUES (266, 27, 84, 1, 2, 11, NULL, NULL);
INSERT INTO recipe_ingredient (id, recipe_id, ingredient_id, amount, unit_id, index, section, extra_info) VALUES (267, 28, 73, 2, 10, 0, NULL, NULL);
INSERT INTO recipe_ingredient (id, recipe_id, ingredient_id, amount, unit_id, index, section, extra_info) VALUES (268, 28, 67, 1, 1, 1, NULL, NULL);
INSERT INTO recipe_ingredient (id, recipe_id, ingredient_id, amount, unit_id, index, section, extra_info) VALUES (269, 28, 168, 200, 4, 2, NULL, NULL);
INSERT INTO recipe_ingredient (id, recipe_id, ingredient_id, amount, unit_id, index, section, extra_info) VALUES (270, 28, 174, 200, 4, 3, NULL, NULL);
INSERT INTO recipe_ingredient (id, recipe_id, ingredient_id, amount, unit_id, index, section, extra_info) VALUES (271, 28, 169, 2, 1, 4, NULL, NULL);
INSERT INTO recipe_ingredient (id, recipe_id, ingredient_id, amount, unit_id, index, section, extra_info) VALUES (272, 28, 155, 100, 4, 5, NULL, NULL);
INSERT INTO recipe_ingredient (id, recipe_id, ingredient_id, amount, unit_id, index, section, extra_info) VALUES (273, 28, 175, 50, 6, 6, NULL, NULL);
INSERT INTO recipe_ingredient (id, recipe_id, ingredient_id, amount, unit_id, index, section, extra_info) VALUES (274, 28, 76, 2, 3, 7, NULL, NULL);
INSERT INTO recipe_ingredient (id, recipe_id, ingredient_id, amount, unit_id, index, section, extra_info) VALUES (275, 28, 59, 2, 1, 8, NULL, NULL);
INSERT INTO recipe_ingredient (id, recipe_id, ingredient_id, amount, unit_id, index, section, extra_info) VALUES (276, 28, 133, 2, 3, 9, NULL, NULL);
INSERT INTO recipe_ingredient (id, recipe_id, ingredient_id, amount, unit_id, index, section, extra_info) VALUES (277, 29, 124, 1, 1, 0, NULL, NULL);
INSERT INTO recipe_ingredient (id, recipe_id, ingredient_id, amount, unit_id, index, section, extra_info) VALUES (278, 29, 74, 200, 6, 1, NULL, NULL);
INSERT INTO recipe_ingredient (id, recipe_id, ingredient_id, amount, unit_id, index, section, extra_info) VALUES (279, 29, 77, 4, 2, 2, NULL, NULL);
INSERT INTO recipe_ingredient (id, recipe_id, ingredient_id, amount, unit_id, index, section, extra_info) VALUES (280, 29, 177, 4, 2, 3, NULL, NULL);
INSERT INTO recipe_ingredient (id, recipe_id, ingredient_id, amount, unit_id, index, section, extra_info) VALUES (281, 29, 5, 400, 4, 4, NULL, 'gekocht');
INSERT INTO recipe_ingredient (id, recipe_id, ingredient_id, amount, unit_id, index, section, extra_info) VALUES (282, 29, 174, 200, 4, 5, NULL, NULL);
INSERT INTO recipe_ingredient (id, recipe_id, ingredient_id, amount, unit_id, index, section, extra_info) VALUES (283, 29, 98, 3, 1, 6, NULL, NULL);
INSERT INTO recipe_ingredient (id, recipe_id, ingredient_id, amount, unit_id, index, section, extra_info) VALUES (284, 29, 178, 200, 4, 7, NULL, NULL);
INSERT INTO recipe_ingredient (id, recipe_id, ingredient_id, amount, unit_id, index, section, extra_info) VALUES (330, 34, 196, 150, 4, 1, 'Salat', NULL);
INSERT INTO recipe_ingredient (id, recipe_id, ingredient_id, amount, unit_id, index, section, extra_info) VALUES (331, 34, 78, 100, 4, 2, 'Salat', NULL);
INSERT INTO recipe_ingredient (id, recipe_id, ingredient_id, amount, unit_id, index, section, extra_info) VALUES (332, 34, 147, 250, 4, 3, 'Salat', NULL);
INSERT INTO recipe_ingredient (id, recipe_id, ingredient_id, amount, unit_id, index, section, extra_info) VALUES (333, 34, 98, 100, 4, 4, 'Salat', NULL);
INSERT INTO recipe_ingredient (id, recipe_id, ingredient_id, amount, unit_id, index, section, extra_info) VALUES (334, 34, 197, 200, 4, 5, 'Salat', 'dünne');
INSERT INTO recipe_ingredient (id, recipe_id, ingredient_id, amount, unit_id, index, section, extra_info) VALUES (335, 34, 67, 1, 1, 7, 'Dressing', NULL);
INSERT INTO recipe_ingredient (id, recipe_id, ingredient_id, amount, unit_id, index, section, extra_info) VALUES (336, 34, 73, 10, 4, 8, 'Dressing', NULL);
INSERT INTO recipe_ingredient (id, recipe_id, ingredient_id, amount, unit_id, index, section, extra_info) VALUES (337, 34, 198, 1.5, 2, 9, 'Dressing', NULL);
INSERT INTO recipe_ingredient (id, recipe_id, ingredient_id, amount, unit_id, index, section, extra_info) VALUES (338, 34, 76, 5, 2, 10, 'Dressing', NULL);
INSERT INTO recipe_ingredient (id, recipe_id, ingredient_id, amount, unit_id, index, section, extra_info) VALUES (285, 30, 180, 0.5, 1, 0, NULL, NULL);
INSERT INTO recipe_ingredient (id, recipe_id, ingredient_id, amount, unit_id, index, section, extra_info) VALUES (286, 30, 98, 2, 1, 1, NULL, NULL);
INSERT INTO recipe_ingredient (id, recipe_id, ingredient_id, amount, unit_id, index, section, extra_info) VALUES (287, 30, 10, 1, 1, 2, NULL, NULL);
INSERT INTO recipe_ingredient (id, recipe_id, ingredient_id, amount, unit_id, index, section, extra_info) VALUES (288, 30, 67, 1, 1, 3, NULL, NULL);
INSERT INTO recipe_ingredient (id, recipe_id, ingredient_id, amount, unit_id, index, section, extra_info) VALUES (289, 30, 181, 1, 1, 4, NULL, NULL);
INSERT INTO recipe_ingredient (id, recipe_id, ingredient_id, amount, unit_id, index, section, extra_info) VALUES (290, 30, 78, 1, 1, 5, NULL, NULL);
INSERT INTO recipe_ingredient (id, recipe_id, ingredient_id, amount, unit_id, index, section, extra_info) VALUES (291, 30, 65, 0.5, 9, 6, NULL, 'glatt');
INSERT INTO recipe_ingredient (id, recipe_id, ingredient_id, amount, unit_id, index, section, extra_info) VALUES (292, 30, 182, 10, 1, 7, NULL, NULL);
INSERT INTO recipe_ingredient (id, recipe_id, ingredient_id, amount, unit_id, index, section, extra_info) VALUES (293, 30, 183, 3, 2, 8, NULL, NULL);
INSERT INTO recipe_ingredient (id, recipe_id, ingredient_id, amount, unit_id, index, section, extra_info) VALUES (294, 30, 54, 3, 2, 9, NULL, NULL);
INSERT INTO recipe_ingredient (id, recipe_id, ingredient_id, amount, unit_id, index, section, extra_info) VALUES (295, 30, 184, 1, 3, 10, NULL, NULL);
INSERT INTO recipe_ingredient (id, recipe_id, ingredient_id, amount, unit_id, index, section, extra_info) VALUES (296, 30, 2, 1, 3, 11, NULL, NULL);
INSERT INTO recipe_ingredient (id, recipe_id, ingredient_id, amount, unit_id, index, section, extra_info) VALUES (339, 34, 113, 1, 1, 11, 'Dressing', 'Saft ausgepresst');
INSERT INTO recipe_ingredient (id, recipe_id, ingredient_id, amount, unit_id, index, section, extra_info) VALUES (340, 34, 199, 4, 2, 12, 'Dressing', NULL);
INSERT INTO recipe_ingredient (id, recipe_id, ingredient_id, amount, unit_id, index, section, extra_info) VALUES (341, 34, 200, 2, 3, 13, 'Dressing', NULL);
INSERT INTO recipe_ingredient (id, recipe_id, ingredient_id, amount, unit_id, index, section, extra_info) VALUES (342, 34, 148, 1, 3, 14, 'Dressing', NULL);
INSERT INTO recipe_ingredient (id, recipe_id, ingredient_id, amount, unit_id, index, section, extra_info) VALUES (343, 34, 72, 2, 1, 16, 'Außerdem', NULL);
INSERT INTO recipe_ingredient (id, recipe_id, ingredient_id, amount, unit_id, index, section, extra_info) VALUES (344, 34, 82, 1, 1, 17, 'Außerdem', NULL);
INSERT INTO recipe_ingredient (id, recipe_id, ingredient_id, amount, unit_id, index, section, extra_info) VALUES (345, 34, 84, 10, 4, 18, 'Außerdem', NULL);
INSERT INTO recipe_ingredient (id, recipe_id, ingredient_id, amount, unit_id, index, section, extra_info) VALUES (346, 34, 201, 2, 2, 19, 'Außerdem', NULL);
INSERT INTO recipe_ingredient (id, recipe_id, ingredient_id, amount, unit_id, index, section, extra_info) VALUES (297, 31, 185, 600, 4, 0, NULL, NULL);
INSERT INTO recipe_ingredient (id, recipe_id, ingredient_id, amount, unit_id, index, section, extra_info) VALUES (298, 31, 118, 4, 1, 1, NULL, NULL);
INSERT INTO recipe_ingredient (id, recipe_id, ingredient_id, amount, unit_id, index, section, extra_info) VALUES (300, 31, 73, 20, 4, 2, NULL, NULL);
INSERT INTO recipe_ingredient (id, recipe_id, ingredient_id, amount, unit_id, index, section, extra_info) VALUES (299, 31, 186, 150, 4, 3, NULL, NULL);
INSERT INTO recipe_ingredient (id, recipe_id, ingredient_id, amount, unit_id, index, section, extra_info) VALUES (301, 31, 128, 0.5, 3, 4, NULL, NULL);
INSERT INTO recipe_ingredient (id, recipe_id, ingredient_id, amount, unit_id, index, section, extra_info) VALUES (302, 31, 187, 2, 2, 5, NULL, NULL);
INSERT INTO recipe_ingredient (id, recipe_id, ingredient_id, amount, unit_id, index, section, extra_info) VALUES (303, 31, 108, 2, 3, 6, NULL, NULL);
INSERT INTO recipe_ingredient (id, recipe_id, ingredient_id, amount, unit_id, index, section, extra_info) VALUES (304, 31, 74, 200, 6, 7, NULL, NULL);
INSERT INTO recipe_ingredient (id, recipe_id, ingredient_id, amount, unit_id, index, section, extra_info) VALUES (305, 31, 62, 200, 6, 8, NULL, NULL);
INSERT INTO recipe_ingredient (id, recipe_id, ingredient_id, amount, unit_id, index, section, extra_info) VALUES (306, 31, 189, 75, 4, 9, NULL, NULL);
INSERT INTO recipe_ingredient (id, recipe_id, ingredient_id, amount, unit_id, index, section, extra_info) VALUES (307, 31, 87, 0.5, 3, 10, NULL, NULL);
INSERT INTO recipe_ingredient (id, recipe_id, ingredient_id, amount, unit_id, index, section, extra_info) VALUES (308, 31, 166, 150, 4, 11, NULL, NULL);
INSERT INTO recipe_ingredient (id, recipe_id, ingredient_id, amount, unit_id, index, section, extra_info) VALUES (309, 31, 2, 0.5, 3, 12, NULL, NULL);
INSERT INTO recipe_ingredient (id, recipe_id, ingredient_id, amount, unit_id, index, section, extra_info) VALUES (310, 31, 65, 50, 4, 13, NULL, NULL);
INSERT INTO recipe_ingredient (id, recipe_id, ingredient_id, amount, unit_id, index, section, extra_info) VALUES (311, 32, 1, 450, 4, 0, NULL, NULL);
INSERT INTO recipe_ingredient (id, recipe_id, ingredient_id, amount, unit_id, index, section, extra_info) VALUES (312, 32, 191, 2, 1, 1, NULL, NULL);
INSERT INTO recipe_ingredient (id, recipe_id, ingredient_id, amount, unit_id, index, section, extra_info) VALUES (313, 32, 193, 250, 4, 2, NULL, NULL);
INSERT INTO recipe_ingredient (id, recipe_id, ingredient_id, amount, unit_id, index, section, extra_info) VALUES (314, 32, 10, 2, 1, 3, NULL, NULL);
INSERT INTO recipe_ingredient (id, recipe_id, ingredient_id, amount, unit_id, index, section, extra_info) VALUES (315, 32, 67, 2, 1, 4, NULL, NULL);
INSERT INTO recipe_ingredient (id, recipe_id, ingredient_id, amount, unit_id, index, section, extra_info) VALUES (316, 32, 78, 200, 4, 5, NULL, NULL);
INSERT INTO recipe_ingredient (id, recipe_id, ingredient_id, amount, unit_id, index, section, extra_info) VALUES (317, 32, 124, 4, 1, 6, NULL, NULL);
INSERT INTO recipe_ingredient (id, recipe_id, ingredient_id, amount, unit_id, index, section, extra_info) VALUES (318, 32, 82, 1, 1, 7, NULL, NULL);
INSERT INTO recipe_ingredient (id, recipe_id, ingredient_id, amount, unit_id, index, section, extra_info) VALUES (319, 32, 50, 4, 2, 8, NULL, NULL);
INSERT INTO recipe_ingredient (id, recipe_id, ingredient_id, amount, unit_id, index, section, extra_info) VALUES (320, 33, 50, 250, 4, 1, 'Teig', 'weich');
INSERT INTO recipe_ingredient (id, recipe_id, ingredient_id, amount, unit_id, index, section, extra_info) VALUES (321, 33, 195, 200, 4, 2, 'Teig', NULL);
INSERT INTO recipe_ingredient (id, recipe_id, ingredient_id, amount, unit_id, index, section, extra_info) VALUES (322, 33, 96, 2, 1, 3, 'Teig', 'Bio, abgeriebene Schale');
INSERT INTO recipe_ingredient (id, recipe_id, ingredient_id, amount, unit_id, index, section, extra_info) VALUES (323, 33, 52, 5, 1, 4, 'Teig', NULL);
INSERT INTO recipe_ingredient (id, recipe_id, ingredient_id, amount, unit_id, index, section, extra_info) VALUES (324, 33, 2, 50, 4, 5, 'Teig', NULL);
INSERT INTO recipe_ingredient (id, recipe_id, ingredient_id, amount, unit_id, index, section, extra_info) VALUES (325, 33, 3, 200, 4, 6, 'Teig', NULL);
INSERT INTO recipe_ingredient (id, recipe_id, ingredient_id, amount, unit_id, index, section, extra_info) VALUES (326, 33, 55, 1, 3, 7, 'Teig', NULL);
INSERT INTO recipe_ingredient (id, recipe_id, ingredient_id, amount, unit_id, index, section, extra_info) VALUES (327, 33, 58, 50, 4, 8, 'Teig', NULL);
INSERT INTO recipe_ingredient (id, recipe_id, ingredient_id, amount, unit_id, index, section, extra_info) VALUES (328, 33, 96, 2, 1, 10, 'Guss', 'nur den Saft');
INSERT INTO recipe_ingredient (id, recipe_id, ingredient_id, amount, unit_id, index, section, extra_info) VALUES (329, 33, 195, 150, 4, 11, 'Guss', NULL);
INSERT INTO recipe_ingredient (id, recipe_id, ingredient_id, amount, unit_id, index, section, extra_info) VALUES (347, 35, 202, 550, 4, 0, NULL, NULL);
INSERT INTO recipe_ingredient (id, recipe_id, ingredient_id, amount, unit_id, index, section, extra_info) VALUES (348, 35, 109, 400, 4, 1, NULL, NULL);
INSERT INTO recipe_ingredient (id, recipe_id, ingredient_id, amount, unit_id, index, section, extra_info) VALUES (349, 35, 5, 200, 4, 2, NULL, 'gekocht');
INSERT INTO recipe_ingredient (id, recipe_id, ingredient_id, amount, unit_id, index, section, extra_info) VALUES (350, 35, 73, 30, 4, 3, NULL, NULL);
INSERT INTO recipe_ingredient (id, recipe_id, ingredient_id, amount, unit_id, index, section, extra_info) VALUES (351, 35, 82, 1, 1, 4, NULL, NULL);
INSERT INTO recipe_ingredient (id, recipe_id, ingredient_id, amount, unit_id, index, section, extra_info) VALUES (352, 35, 10, 1, 1, 5, NULL, NULL);
INSERT INTO recipe_ingredient (id, recipe_id, ingredient_id, amount, unit_id, index, section, extra_info) VALUES (353, 35, 140, 3, 2, 6, NULL, NULL);
INSERT INTO recipe_ingredient (id, recipe_id, ingredient_id, amount, unit_id, index, section, extra_info) VALUES (354, 35, 177, 30, 4, 7, NULL, NULL);
INSERT INTO recipe_ingredient (id, recipe_id, ingredient_id, amount, unit_id, index, section, extra_info) VALUES (355, 35, 203, 2, 2, 8, NULL, NULL);
INSERT INTO recipe_ingredient (id, recipe_id, ingredient_id, amount, unit_id, index, section, extra_info) VALUES (356, 35, 62, 150, 6, 9, NULL, NULL);
INSERT INTO recipe_ingredient (id, recipe_id, ingredient_id, amount, unit_id, index, section, extra_info) VALUES (357, 35, 74, 100, 6, 10, NULL, NULL);
INSERT INTO recipe_ingredient (id, recipe_id, ingredient_id, amount, unit_id, index, section, extra_info) VALUES (358, 35, 72, 0.5, 9, 11, NULL, NULL);
INSERT INTO recipe_ingredient (id, recipe_id, ingredient_id, amount, unit_id, index, section, extra_info) VALUES (359, 35, 76, 50, 6, 12, NULL, NULL);
INSERT INTO recipe_ingredient (id, recipe_id, ingredient_id, amount, unit_id, index, section, extra_info) VALUES (372, 37, 117, 800, 4, 0, NULL, NULL);
INSERT INTO recipe_ingredient (id, recipe_id, ingredient_id, amount, unit_id, index, section, extra_info) VALUES (373, 37, 98, 600, 4, 1, NULL, NULL);
INSERT INTO recipe_ingredient (id, recipe_id, ingredient_id, amount, unit_id, index, section, extra_info) VALUES (374, 37, 73, 5, 10, 2, NULL, NULL);
INSERT INTO recipe_ingredient (id, recipe_id, ingredient_id, amount, unit_id, index, section, extra_info) VALUES (375, 37, 10, 1, 1, 3, NULL, NULL);
INSERT INTO recipe_ingredient (id, recipe_id, ingredient_id, amount, unit_id, index, section, extra_info) VALUES (376, 37, 194, 2, 2, 4, NULL, NULL);
INSERT INTO recipe_ingredient (id, recipe_id, ingredient_id, amount, unit_id, index, section, extra_info) VALUES (377, 37, 62, 1, 7, 5, NULL, NULL);
INSERT INTO recipe_ingredient (id, recipe_id, ingredient_id, amount, unit_id, index, section, extra_info) VALUES (378, 37, 74, 400, 6, 6, NULL, NULL);
INSERT INTO recipe_ingredient (id, recipe_id, ingredient_id, amount, unit_id, index, section, extra_info) VALUES (379, 37, 76, 1, 2, 7, NULL, NULL);
INSERT INTO recipe_ingredient (id, recipe_id, ingredient_id, amount, unit_id, index, section, extra_info) VALUES (380, 37, 203, 1, 3, 8, NULL, NULL);
INSERT INTO recipe_ingredient (id, recipe_id, ingredient_id, amount, unit_id, index, section, extra_info) VALUES (381, 37, 96, 1, 1, 9, NULL, 'Saft davon');
INSERT INTO recipe_ingredient (id, recipe_id, ingredient_id, amount, unit_id, index, section, extra_info) VALUES (382, 37, 84, 1, 2, 10, NULL, NULL);
INSERT INTO recipe_ingredient (id, recipe_id, ingredient_id, amount, unit_id, index, section, extra_info) VALUES (383, 38, 83, 100, 4, 0, NULL, NULL);
INSERT INTO recipe_ingredient (id, recipe_id, ingredient_id, amount, unit_id, index, section, extra_info) VALUES (384, 38, 80, 1, 1, 1, NULL, NULL);
INSERT INTO recipe_ingredient (id, recipe_id, ingredient_id, amount, unit_id, index, section, extra_info) VALUES (385, 38, 73, 2, 1, 2, NULL, NULL);
INSERT INTO recipe_ingredient (id, recipe_id, ingredient_id, amount, unit_id, index, section, extra_info) VALUES (386, 38, 208, 100, 4, 3, NULL, NULL);
INSERT INTO recipe_ingredient (id, recipe_id, ingredient_id, amount, unit_id, index, section, extra_info) VALUES (387, 38, 62, 500, 6, 4, NULL, NULL);
INSERT INTO recipe_ingredient (id, recipe_id, ingredient_id, amount, unit_id, index, section, extra_info) VALUES (388, 38, 209, 60, 6, 5, NULL, NULL);
INSERT INTO recipe_ingredient (id, recipe_id, ingredient_id, amount, unit_id, index, section, extra_info) VALUES (389, 38, 152, 1, 2, 6, NULL, NULL);
INSERT INTO recipe_ingredient (id, recipe_id, ingredient_id, amount, unit_id, index, section, extra_info) VALUES (390, 38, 151, 1, 3, 7, NULL, NULL);
INSERT INTO recipe_ingredient (id, recipe_id, ingredient_id, amount, unit_id, index, section, extra_info) VALUES (391, 38, 76, 1, 2, 8, NULL, NULL);
INSERT INTO recipe_ingredient (id, recipe_id, ingredient_id, amount, unit_id, index, section, extra_info) VALUES (392, 38, 148, 1, 3, 9, NULL, NULL);
INSERT INTO recipe_ingredient (id, recipe_id, ingredient_id, amount, unit_id, index, section, extra_info) VALUES (393, 38, 210, 1, 3, 10, NULL, NULL);
INSERT INTO recipe_ingredient (id, recipe_id, ingredient_id, amount, unit_id, index, section, extra_info) VALUES (394, 38, 72, 2, 2, 11, NULL, 'kleingeschnitten');
INSERT INTO recipe_ingredient (id, recipe_id, ingredient_id, amount, unit_id, index, section, extra_info) VALUES (360, 36, 204, 200, 4, 0, NULL, NULL);
INSERT INTO recipe_ingredient (id, recipe_id, ingredient_id, amount, unit_id, index, section, extra_info) VALUES (361, 36, 205, 1, 1, 1, NULL, NULL);
INSERT INTO recipe_ingredient (id, recipe_id, ingredient_id, amount, unit_id, index, section, extra_info) VALUES (362, 36, 73, 2, 10, 2, NULL, NULL);
INSERT INTO recipe_ingredient (id, recipe_id, ingredient_id, amount, unit_id, index, section, extra_info) VALUES (363, 36, 67, 2, 1, 3, NULL, NULL);
INSERT INTO recipe_ingredient (id, recipe_id, ingredient_id, amount, unit_id, index, section, extra_info) VALUES (364, 36, 165, 1, 2, 4, NULL, NULL);
INSERT INTO recipe_ingredient (id, recipe_id, ingredient_id, amount, unit_id, index, section, extra_info) VALUES (365, 36, 76, 3, 2, 6, 'Sauce', NULL);
INSERT INTO recipe_ingredient (id, recipe_id, ingredient_id, amount, unit_id, index, section, extra_info) VALUES (366, 36, 206, 2, 2, 7, 'Sauce', NULL);
INSERT INTO recipe_ingredient (id, recipe_id, ingredient_id, amount, unit_id, index, section, extra_info) VALUES (367, 36, 207, 2, 2, 8, 'Sauce', NULL);
INSERT INTO recipe_ingredient (id, recipe_id, ingredient_id, amount, unit_id, index, section, extra_info) VALUES (368, 36, 162, 1, 2, 9, 'Sauce', NULL);
INSERT INTO recipe_ingredient (id, recipe_id, ingredient_id, amount, unit_id, index, section, extra_info) VALUES (369, 36, 148, 1, 3, 10, 'Sauce', NULL);
INSERT INTO recipe_ingredient (id, recipe_id, ingredient_id, amount, unit_id, index, section, extra_info) VALUES (370, 36, 62, 5, 2, 11, 'Sauce', NULL);
INSERT INTO recipe_ingredient (id, recipe_id, ingredient_id, amount, unit_id, index, section, extra_info) VALUES (371, 36, 58, 1, 2, 12, 'Sauce', NULL);
INSERT INTO recipe_ingredient (id, recipe_id, ingredient_id, amount, unit_id, index, section, extra_info) VALUES (395, 39, 67, 2, 1, 0, NULL, NULL);
INSERT INTO recipe_ingredient (id, recipe_id, ingredient_id, amount, unit_id, index, section, extra_info) VALUES (396, 39, 59, 0.5, 1, 1, NULL, NULL);
INSERT INTO recipe_ingredient (id, recipe_id, ingredient_id, amount, unit_id, index, section, extra_info) VALUES (397, 39, 73, 1, 1, 2, NULL, NULL);
INSERT INTO recipe_ingredient (id, recipe_id, ingredient_id, amount, unit_id, index, section, extra_info) VALUES (398, 39, 205, 100, 4, 3, NULL, NULL);
INSERT INTO recipe_ingredient (id, recipe_id, ingredient_id, amount, unit_id, index, section, extra_info) VALUES (399, 39, 79, 70, 4, 4, NULL, NULL);
INSERT INTO recipe_ingredient (id, recipe_id, ingredient_id, amount, unit_id, index, section, extra_info) VALUES (400, 39, 72, 2, 1, 5, NULL, NULL);
INSERT INTO recipe_ingredient (id, recipe_id, ingredient_id, amount, unit_id, index, section, extra_info) VALUES (401, 39, 146, 200, 4, 6, NULL, NULL);
INSERT INTO recipe_ingredient (id, recipe_id, ingredient_id, amount, unit_id, index, section, extra_info) VALUES (402, 39, 76, 1, 2, 7, NULL, NULL);
INSERT INTO recipe_ingredient (id, recipe_id, ingredient_id, amount, unit_id, index, section, extra_info) VALUES (403, 39, 211, 1, 3, 8, NULL, NULL);
INSERT INTO recipe_ingredient (id, recipe_id, ingredient_id, amount, unit_id, index, section, extra_info) VALUES (404, 39, 200, 1, 2, 9, NULL, NULL);
INSERT INTO recipe_ingredient (id, recipe_id, ingredient_id, amount, unit_id, index, section, extra_info) VALUES (405, 39, 175, 1, 2, 10, NULL, NULL);
INSERT INTO recipe_ingredient (id, recipe_id, ingredient_id, amount, unit_id, index, section, extra_info) VALUES (406, 39, 148, 1, 6, 11, NULL, NULL);
INSERT INTO recipe_ingredient (id, recipe_id, ingredient_id, amount, unit_id, index, section, extra_info) VALUES (407, 39, 212, 1, 2, 12, NULL, NULL);
INSERT INTO recipe_ingredient (id, recipe_id, ingredient_id, amount, unit_id, index, section, extra_info) VALUES (408, 39, 165, 1, 3, 13, NULL, NULL);
